id,name
100505,Richard W. Munchkin
117075,Henry Jaglom
14692,Nick Castle
82293,Jon Blair
60295,John N. Smith
1080311,Sandip Ray
588623,Douglas Keeve
1566166,Mark Lewis
129534,Art Clokey
77121,Randall Miller
73668,James Melkonian
62043,Michael Gottlieb
12804,Peter Yates
486,Wallace Wolodarsky
129216,Theodore Thomas
220152,Paul Williams
16401,Roberto Sneider
77076,Michael Corrente
88060,Jeff Pollack
86,Bruce Brown
230059,Matty Rich
33405,Gillies MacKinnon
1354907,Rémy Duchemin
67756,Michael Austin
2406,Mathieu Kassovitz
1080040,Jean Bach
75474,Anna Campion
173004,Clément Virgo
68998,Carlo Rola
14614,Joseph Vilsmaier
98094,Brett Piper
54767,Mika Kaurismäki
19069,Claude Chabrol
8876,Randal Kleiser
1080036,Michael Blakemore
585248,Eli Cohen
43786,Robert Mandel
564791,Gabriel Barylli
1209349,Ebrahim Forouzesh
223825,Freida Lee Mock
229695,David Keating
1177451,Jean-Pierre Bekolo
1066960,María Luisa Bemberg
544331,Gazdag Gyula
41521,Gérard Mordillat
30869,Mitch Marcus
225140,Maurizio Nichetti
87397,Paul Turner
6258,Peter Weck
81749,Manoel de Oliveira
1080308,John Rubino
1189125,Yin Li
252740,Leone Pompucci
1112331,Zheng Jun-Li
232119,Izidore K. Musallam
17046,Gary Winick
28889,Theo van Gogh
1468019,Allan Miller
584483,René Gainville
56506,William Dear
1006852,Iara Lee
117083,Aaron Kim Johnston
123827,Frédéric Mitterrand
928583,Hugo Van Lawick
1124024,Temístocles López
1114467,Chris Cullari
22558,Nils Gaup
932368,Russ Hexter
1080611,Susan W. Dryfoos
82389,Norman Z. McLeod
89914,Elliott Nugent
933201,Martine Dugowson
1038016,Nina Menkes
21175,Michel Blanc
36804,Peter Chelsom
34721,Larry Bishop
88970,Ralph Ziman
5005,François Dupeyron
34651,Peter Baldwin
932805,Stefan Schwietert
47974,Bob Spiers
82307,Merzak Allouache
107131,Peter Spirer
112674,Rolf de Heer
1016352,Angela Pope
141825,Rusty Cundieff
2880,Emilio Estevez
563363,Robert Patton-Spruill
1432957,Ross Shuman
41040,Tony Gatlif
1112916,Nancy Meckler
4429,Jim Jarmusch
88077,Alex Zamm
3192,Billy Hopkins
240071,Louis Saïa
125543,Michael Lindsay-Hogg
4566,Alan Rickman
656971,Joseph Dorman
138653,Brian Evans
18694,Bret Michaels
107762,Alexander Sokurov
1214449,Roberto Benabib
16294,Jonathan Demme
15912,Stephen Gyllenhaal
104507,Steve Gomer
17087,Michael Moore
17278,Nick Gomez
87033,Julie Davis
92561,Nick Broomfield
22020,Barbara Kopple
172,Michael Winterbottom
145134,Jill Sprecher
56983,Rodney Gibbons
229519,Thom Fitzgerald
33317,David Leland
101767,Robert Butler
51516,Steven Hilliard Stern
115698,Sarah Kelly
8300,Kevin Reynolds
65310,Kenny Ortega
2636,Alfred Hitchcock
42974,Troy Byer
143279,Peter Sellars
21712,Carl Franklin
8929,Charles Crichton
82286,Marc Levin
75882,S.R. Bindler
72197,Ferzan Ozpetek
173686,Anthony Drazan
1021557,Daphna Kastner
77733,Eric Meza
617183,P.J. Castellaneta
1016047,Robert DeFranco
1603348,Barry J. Hershey
24560,Marion Vernoux
263975,Bradley Battersby
61335,Peter Duncan
38527,Robert Lepage
92012,Jennifer Baichwal
1085268,William Roth
980223,Yvan Le Moine
63983,Roger Nygard
43439,Scott Ziehl
24657,Franco Zeffirelli
12698,Bob Clark
923620,Károly Makk
20133,Tod Williams
44931,Chuck Workman
1009298,Goran Paskaljević
40220,Kevin Brodie
72005,Christian Vincent
1433989,Tessa Blake
932993,Jamaa Fanaka
69667,Bob Logan
86035,Maria Maggenti
138167,Peter Duffell
54590,Steve Rash
29378,Daniel Pyne
60045,Eric Bross
10781,Michael Apted
101297,Bill Milling
1080873,Victor Mignatti
18500,Phil Joanou
104178,Radley Metzger
18533,Errol Morris
543550,Julian Goldberger
1455472,Aviva Kempner
22812,Marion Hänsel
37236,Santosh Sivan
68185,Eric Schaeffer
7501,Ronald Neame
1214587,Charles R. Rondeau
1074750,Mikael Kristersson
943155,Alejandro Springall
149082,Monika Treut
179616,Richard Spence
110962,Steven Okazaki
1193920,Ken Liotti
68212,Carroll Ballard
27614,Régis Wargnier
73962,Kristine Peterson
992802,J. Elder Wills
1311102,Julian Henriques
7314,Nick Park
2283,Stanley Tucci
69719,Bruno Barreto
85242,Kevin Jordan
15657,Vincent McEveety
100629,Bruce Kessler
1081129,Barbara Sonneborn
78391,Jon Reiss
130938,Sergei Bodrov
94787,Joe Camp
58448,Penelope Spheeris
16730,Darrell James Roodt
1190670,Val Lik
59466,Jamie Babbit
113733,Britt Allcroft
1464511,John Forte
1179593,Aiyana Elliott
51521,Robert Greenwald
158050,Chris Fiore
193390,Jon Matthews
19143,Jason Priestley
15868,Uli Edel
12989,Andrew Davis
15672,Nadia Tass
1078833,Kong Yeung
83961,John R. Cherry III
102322,Peter Del Monte
48548,Lee Stanley
1150384,Christopher Livingston
72156,Ben Hopkins
227412,Kieron J. Walsh
12964,Michael Ritchie
1080890,Nicholas Barker
26487,Norman René
95458,Gary Hardwick
1080888,David Maquiling
3266,Joe Mantegna
13496,Marleen Gorris
230071,Amos Kollek
67632,Peter Markle
51634,Hermine Huntgeburth
146295,Yim Ho
40312,Raoul Peck
22669,Julien Temple
57090,Brett Leonard
76100,Ben Stassen
69946,Bud Yorkin
10702,Martin Campbell
19032,John Hough
81186,Andrew Solt
147323,Bud Smith 
47773,Paul Mazursky
82033,Jon Hess
53861,Susan Seidelman
31177,Jean-Claude Lord
78514,David Hugh Jones
8573,Thomas J. Wright
101377,Paul Bartel
10076,Lewis Gilbert
67569,Steven M. Martin
1193932,Alan Miiller
939275,Paul Cox
2171,Griffin Dunne
148103,Shin Sang-ok
1036428,Mark Jonathan Harris
942224,Kenneth A. Carlson
3224,Stephen Frears
42081,George Butler
77854,Gillian Grisman
935723,Lech Kowalski
233491,Sophie Fillières
1131878,Sandi Simcha Dubowski
69353,Stephen Kessler
13776,John Frankenheimer
1198030,Noam Gonick
91987,Gary Burns
43526,Sturla Gunnarsson
19304,John Schlesinger
108987,William A. Seiter
64061,Fred Schepisi
12329,Vittorio De Sica
145627,Timothy Linh Bui
31268,Larry Fessenden
105802,Doug Pray
18854,Martin Ritt
34453,Kevin Bray
53334,Jim Sheridan
208118,James Bogle
932403,Fernando Pérez
1197831,Vanessa Middleton
1010308,Marita Giovanni
110169,John McKay
77747,Jon Purdy
86203,Bart Freundlich
15042,Arlene Sanford
202885,Henry Barrial
86293,Robert M. Young
67897,Jeff Kanew
102445,John Sayles
21958,Mark Rydell
130816,Jesse Peretz
31123,Rob Hardy
266089,Bernard Rapp
96557,Ryosuke Hashiguchi
48583,Anne Fontaine
1123834,Monteith McCollum
85365,Dale Schott
1008375,Ruedi Gerber
566294,Patricio Guzmán
569307,Patrick Hasburgh 
21278,Alan Alda
940711,Bob Dahlin
84369,Eugene Jarecki
23628,Eriq La Salle
565446,Dana Janklowicz-Mann
1081886,John C. Walsh
37852,George Hickenlooper
15452,David Steinberg
46297,Jay Russell
85357,Christian Charles
1390937,Estela Bravo
62824,Gary J. Tunnicliffe
116832,Patricia Cardoso
167407,John Alan Schwartz
66088,Ronald F. Maxwell
8447,Jeff Daniels
592891,Holly Hardman
20026,Samira Makhmalbaf
1654464,Peter Mattei
17329,Neil Burger
84021,Paul Gross
22808,Laurence Malkin
87918,Ruud van Hemert
55790,Allan Moyle
1124839,Derek Burbidge
58047,Charles Finch
38883,Arnaud Desplechin
232235,Thomas Michael Donnelly
83791,Michael D. Moore
15148,Jon Amiel
35208,Coline Serreau
2303,Wim Wenders
18897,Jackie Chan
57138,Tony Bill
92690,Elliott Hong
103511,José Luis Garci
97026,John Luessenhop
4951,Robert Dalva
1081758,Mark Wilkinson
1081892,Mark Moskowitz
6413,Danny Huston
122449,Steve James
1462,Tim Blake Nelson
58189,Justin Lin
76559,Sam Jones
34613,Philippe de Broca
143491,Gérard Lauzier
1491995,Rick de Oliveira
54607,Bahman Ghobadi
146811,Miles Swain
1027168,Joel Silberg
6495,Mira Nair
72427,Alan Rudolph
130300,Aluizio Abranches
937129,Jean-Xavier de Lestrade
4415,Federico Fellini
21113,D.A. Pennebaker
148000,Steve Yeager
39819,Wayne Wang
131770,Jed Weintrob
196769,Jonathan Wacks
67593,Leslie Megahey
133259,Arthur Hiller
69099,Dan Ireland
54148,Gonzalo Suárez
139537,William Gazecki
1168924,Gabrielle Baur
4760,Deepa Mehta
105882,Neema Barnette
52194,Tony Randel
18969,Doris Dörrie
51373,Larry Peerce
42309,Tibor Takács
84047,Howard Storm
1667420,Tom Piozet
128947,Jeremy Kagan
240033,Jean-Pierre Denis
84830,Lab Ky Mo
981142,Mark Decena
40304,Jacques Nolot
1048445,Philip Boston
55968,Rodolphe Marconi
230987,Nathaniel Kahn
550104,Scott Hamilton Kennedy
34949,Lucy Walker
2352,Jean-Jacques Annaud
1109747,Charles Atlas
550044,Jonathan Karsh
1009328,A. Dean Bell
107736,John Henderson
232937,Cheryl Dunye
51910,David Green
67451,Delbert Mann
834,Otto Preminger
127936,Chris Stokes
25854,Lucas Belvaux
87214,Allan Burns
117350,Dale Resteghini
149916,Manuel Boursinhac
54441,James Ivory
43979,David Saperstein
1241,John Turturro
88309,Julián Hernández
54469,Michael Almereyda
21031,Alejandro Agresti
229294,Mark Kitchell
68774,Christopher Menaul
227851,Jonathan Kahn
998745,Carlos Marcovich
18378,Herbert Ross
1217013,Paul Lazarus
74566,Yves Simoneau
38250,James B. Clark
110879,Roko Belic
939308,Joel DeMott
9855,Terence Young
39012,Peter Bogdanovich
58614,SABU
65401,Charlie Peters
21792,George Gallo
7017,Roger Michell
13663,Robert Shaye
57865,Álex de la Iglesia
1764642,Steven Feder
80570,Walter Lang
90641,Robb Moss
141007,Louis Schwartsberg
28904,Hugh Wilson
84552,Rory Kelly
587376,Paula van der Oest
50300,John Farrow
82335,Richard Glatzer
1614225,James Anderson
82255,Peter Israelson
1125474,Graeme Rattigan
39743,Henry Levin
224214,John Bradshaw
944544,Marc Fusco
239075,Dylan Kidd
225898,István Szabó
20907,Antoine Fuqua
84934,Patrick Paulson
209972,Robert Stone
10808,Stephen Norrington
115892,Jehane Noujaim
931194,George Melford
11528,Jean Renoir
10001,William Wyler
2746,Elia Kazan
102429,Roger Corman
93587,Daryl Duke
229297,Peter Davis
18627,Paul Morrissey
1380238,Ira Wohl
1146734,Arnold Schwartzman
35479,John Blanchard
18899,Yuen Woo-ping
134306,Kevin Sullivan
38774,Ray Lawrence
88149,Ron Mann
97579,Guy Maddin
56205,Atom Egoyan
86290,Derek Jarman
35927,Alain Corneau
1505909,Miguel Rey
18844,John Madden
16767,Aki Kaurismäki
114678,Markku Pölönen
85919,Peter Kuran
1596334,Paul Chart
51966,Ken Blakey
126303,Eric Steven Stahl
112588,Kirby Dick
43222,Michael Grossman
18308,Steve Barron
1484637,Nettie Wild
226613,Devin Sarno
88448,Roy Frumkes
151083,Matti Ijäs
84554,Grant Gee
146977,Vince Offer
1132116,Robert J. Siegel
56210,Pablo Trapero
55116,Joe Chappelle
1039158,Josh Aronson
55299,Mark Herman
144014,Gakuryû Ishii
225499,J. Mills Goodloe
2034,Danny Boyle
49361,Bill Bennett
1170415,Lawrence Blume
113736,Giordano Gederlini
1128,Agnieszka Holland
17282,Takashi Miike
305273,Matthias X. Oberg
5696,Bruce Beresford
1072046,Travis Wilkerson
47059,Gerardo Herrero
2,Mark Hamill
1321054,Erik Smith Meyer
73663,Elizabeth Gill
82418,Erik Van Looy
120871,Sergio Arau
5281,Spike Lee
45996,Ryûhei Kitamura
6198,Vondie Curtis-Hall
589479,Bryan Poyser
141197,Michael Bafaro
96200,Alan Peterson
60981,Peter Brook
93019,Adam Bhala Lough
545021,Moshé Mizrahi
30099,Charles Barton
126462,James Hill
142857,Çağan Irmak
205639,Jim McKay
121760,David Beaird
91518,Robert Jan Westdijk
581423,Lloyd Kramer
72891,Amando de Ossorio
38576,Al Corley
1116801,Sue Corcoran
1064376,Jason Miller
212687,Daniel Calparsoro
5369,George C. Wolfe
589163,Mink 
1134304,Judy Irving
1081564,David Ondříček
33156,James Merendino
64755,Trent Carlson
126125,Bill Plympton
57895,Robert Harmon
109695,Jeffrey W. Byrd
44847,David Anspaugh
140151,William Bindley
124971,Éléonore Faucher
1055778,James F. Collier
81107,Toshiaki Toyoda
1270,Charles Martin Smith
96371,Mark Wexler
31654,Chris Smith
56533,Claudio Fäh
1109533,Keva Rosenfeld
42301,Damian Harris
30123,Lee Grant
6390,Curtiss Clayton
234495,Giacomo Battiato
118180,Bruce Weber
85496,Tony Piccirillo
67813,Baltasar Kormákur
99496,Raymond De Felitta
77104,Charles Sturridge
942084,Mark Illsley
129825,Richard Jobson
186654,Michael Gilio
1106142,Jae-yeon Yun
1032,Martin Scorsese
62020,Jack Sholder
234859,Mark Milgard
63709,Craig R. Baxley
112002,Greg Whiteley
19457,Mark Robson
121471,Gustavo Loza
10790,Sam Wood
101444,Scott McGehee
146949,Jonathan Nossiter
543371,Jessica Sanders
307546,Jim Hanon
120552,Hy Averback
105650,Amol Palekar
15602,Fernando León de Aranoa
60438,Michael Landon Jr.
213341,Milton Katselas
27920,Charles Frend
85309,Kihachi Okamoto
108497,David Caffrey
1015234,Trish Doolan
20412,Michael Anderson
107639,Juliusz Machulski
87510,Carlos Sorin
116155,Ere Kokkonen
93561,Aleksi Mäkelä
35155,John Gray
1008379,Amanda Micheli
91610,Michael Blieden
557094,Paule Baillargeon
14606,Albert Dupontel
84982,Rob Spera
1495665,Todd Williams
25161,Marcel Carné
285385,Gaby Dellal
18596,Taylor Hackford
1724,Roger Spottiswoode
5125,Fatih Akin
82769,Craig Chester
28399,Michael Cooney
85076,John Hazlett
74971,Jem Cohen
1032103,Rakesh Roshan
5015,Brian W. Cook
11572,Carl Theodor Dreyer
222298,Matti Kassila
108662,Sean Stanek
2226,Sydney Pollack
23724,Patrice Chéreau
94011,Bill Melendez
9789,Robert Altman
93025,Nancy Savoca
9956,Chris Marker
148981,Robert Gliński
113855,Xavier Giannoli
97755,Charles Burnett
238628,Jim Hickey
141475,Billy Corben
56212,Eric Khoo
584335,Daniel Burman
112292,James Longley
222316,Mikko Niskanen
143671,Aleksey Fedorchenko
1037963,Sunu Gonera
72496,Yôji Yamada
16745,Melville Shavelson
106239,Emile de Antonio
108929,Grace Lee
230335,Jeff Lipsky
93136,Charles Binamé
115893,Stanley Nelson
552978,Robert Krause
19012,Davis Guggenheim
921570,Julia Loktev
84990,Isao Yukisada
1373458,Harry Moses
70235,Marco Tullio Giordana
2559,Henri-Georges Clouzot
66983,Tom Kalin
1080863,Dana Ranga
129952,Sean McNamara
90178,Deborah Scranton
73494,Desmond Nakano
101811,David Markey
49855,Gaël Morel
126292,J.M. Kenny
86662,David Sington
50767,Craig Gillespie
2087,Richard Fleischer
91452,Amir Bar-Lev
95143,Dan Klores
92438,Bruce Pittman
389,Alison Eastwood
81874,Julie Gavras
131468,William Greaves
1035867,Tom Thurman
129299,Andrew Wagner
431682,Pierre Rehov
67314,Rick Ray
77656,Gary Hustwit
144195,Christoffer Boe
15009,Justin Theroux
133526,Laura Mañá
1018728,Jorge Gaggero
109692,David E. Talbert
119367,Robert Cary
113525,Richard Robbins
83403,Malik Bader
56836,Raymond Depardon
8500,John Ford
119494,Weijun Chen
77300,Michael Schultz
50325,Miguel Alexandre
586066,Doug Block
23393,Barbet Schroeder
1382224,Ido Haar
1374606,David Smith
69838,Chen Shi-Zheng
1142891,Jason Kohn
57492,Morgan Spurlock
26595,Michael Verhoeven
141978,Olli Saarela
320719,Daniel Bitton
87379,Rob VanAlkemade
1077301,Kazuo Hara
123199,Ann Hui
115611,Adam Yauch
71797,Alex Gibney
545092,Tahmineh Milani
223806,Xan Cassavetes
108481,JP Siili
7145,Michael Lehmann
991868,Ari Sandel
959211,Michèle Ohayon
225738,Yoshimitsu Morita
66548,Paul Weiland
1557688,Gabylu Lara
29783,Fred Durst
77911,Deb Hagan
76230,Diane English
63088,Jason Todd Ipson
1795130,Craig E. Serling
109555,Gualtiero Jacopetti
61463,Frank Sudol
69167,Juzo Itami
1903872,Saam Farahmand
80602,Tyler Perry
107395,Nick Willing
1153097,Maja Classen
64815,Robert Iscove
113607,Daniel Fridell
1191376,Eric Nazarian
8841,Donald Crisp
1094821,Matthew Ogens
112201,Sophie Fiennes
544818,Michael Rubbo
73875,Toa Fraser
99667,Alexander Hall
86378,Alfredo De Villa
145491,Yeşim Ustaoğlu
1026383,Lodewijk Crijns
937247,Vladan Nikolić
1168004,Jacques Sarasin
229566,Laurent de Bartillat
144422,Edet Belzberg
1445413,Ilya Chaiken
84827,Steven de Jong
138006,Frederick Wiseman
116096,Susan Dynner
42205,Jag Mundhra
117662,Roland Mesa
68032,Steve Zacharias
89932,Benjamin Stoloff
956123,Sergio Véjar
1104819,Maciej Ślesicki
77177,Fuminori Kizaki
558007,Patrick Keiller
88026,Bryan Goeres
11593,Rudolph Maté
932957,Dane Cannon
38393,Marcel Pagnol
1055512,Caroline Suh
999545,Dave Edwards
1037092,Cristian Nemescu
88648,Robert N. Bradbury
19416,Ondi Timoner
1137217,Scott L. Flynn
223066,Auli Mantila
939153,María Ripoll
1725998,Stefan Marc
980235,Jacques Meny
1035696,Matthiew Klinck
1072285,Godfrey Cheshire
1167349,Jerry Aronson
105746,Philip Spink
1138117,Oskari Pastila
21290,Dave Foley
63198,Danny Draven
57359,Neal Israel
927798,Howard Alk
72344,Asger Leth
84618,Tom Gustafson
95568,Peter Watkins
64534,Isabelle Mergault
35785,Siddharth Anand
80170,Tadeusz Chmielewski
56380,Sergei Dvortsevoy
939271,Raquel Cepeda
145612,Guy Moshe
87055,Karen Disher
103679,Per Åhlin
1032100,Jamie Meltzer
585763,Rumiko Takahashi
1278502,Alan G. Parker
82618,Mike Robe
55983,Jim Henson
543946,Hall Bartlett
37451,Jean-Jacques Beineix
72908,Edgar Reitz
1122764,Yariv Mozer
21415,Robby Henson
76349,Bradley Beesley
116750,Yoshiaki Iwasaki
34614,Ariane Mnouchkine
96446,Kevin Rafferty
92961,Jake Clennell
3831,Jean-Pierre Melville
68750,Robert Townsend
94261,Russell P. Marleau
72133,Vicente Amorim
5917,Ernie Barbarash
227842,Susanna Nicchiarelli
1590431,Julie Shaw
89669,A. Edward Sutherland
40864,Andrew Bujalski
15705,Joseph Pevney
89154,Prabhu Deva
89814,R. J. Cutler
29627,Charles Lamont
116584,Pablo Stoll
1083127,Alexander Olch
33433,Scott Hicks
21377,Peter Medak
125209,Pilar Miró
130789,Keven McAlester
1041478,Heddy Honigmann
126971,Marco Risi
77269,John Crowley
61244,Robert Vince
1103,Bill Duke
95723,Richard Wallace
1158626,Lewis H. Moomaw
40282,Philippe Martinez
63937,Albert Pyun
33223,Hal Roach
1023485,Lee Davis
1092209,Hollis Frampton
930709,Ken Jacobs
936169,Michael Snow
1110375,John Webster
124908,Thomas Whelan
1065698,Norman McLaren
28968,J. Searle Dawley
231428,Peng-Yi Chang 
77173,Jose Pozo
563824,Álvaro Fernández Armero
83865,Zbigniew Rybczynski
93916,Regardt van den Bergh
52405,Michael Hoffman
1110611,Jay Delaney
48965,Anthony Hickox
1095442,Basil Wright
574846,Mark Donskoy
131791,Vlad Yudin
17208,Danny Lerner
91641,Franny Armstrong
1709410,Andrew Chiaramonte
138204,Maurice Phillips
17268,Ronny Yu
53120,James DeMonaco
228118,Giacomo Talamini
17447,Terry Zwigoff
64508,Sidney J. Furie
4610,John Landis
111459,Robert Baca
543652,Ritwik Ghatak
97162,Ben Niles
102967,Oliver Hodge
1076268,Jukka Kärkkäinen
1025547,Martin Asphaug
587444,Horatiu Malaele
107699,Boris Acosta
122402,Kari Väänänen
231550,Quentin Lee
573606,Ademir Kenović
94749,Jiang Xiao
130145,Gregory Greene
1167115,Chris Chan Lee
109891,Klaus Härö
1150487,Peter Sunde
7671,Jeb Stuart
588044,Jaffar Mahmood
423584,Lixin Fan
91730,Jeff Lew
1157342,Leif Erlsboe
51866,Rick Famuyiwa
91388,Havana Marking
1046842,Minoru Ohara
1176421,Lee Bennett Sobel
543714,François Bouvier
1219521,Mark Goffman
1496769,Omar Majeed
77257,Kevin Booth
109893,Veikko Aaltonen
92029,Gabriel Bologna
5026,Akira Kurosawa
108560,Adrian Pennick
550043,Brett Harvey
933072,Gerald Peary
12711,R.D. Robb
1000953,Wes Llewellyn
1006872,Chang Tso-chi
150958,John Maringouin
52172,Sam Newfield
550149,Dan Merchant
94052,Yosuke Fujita
585182,Mads Brügger
87893,Donato Rotunno
35325,Eric Till
8783,Eric Bana
121402,Louis J. Gasnier
53372,Nandita Das
227392,Daniele Vicari
85085,Oliver Irving
21684,Bong Joon-ho
17845,Michael Meredith
114597,Julie Anne Robinson
37561,Fernando Colomo
29720,Abel Gance
94471,Jon Gunn
39104,Abel Ferrara
313,Ellen Kuras
1044885,Raymond Saint-Jean
107168,Stephen Kijak
116306,Richard Dale
30165,Mark Sandrich
93517,Jack Gulick
3974,Miloš Forman
100888,Chuck Jones
19707,Charles Band
101930,Alex Chandon
31894,Ettore Scola
17108,Jonathan Caouette
118346,Ragnar Bragason
1054723,Seppo Huunonen
146110,Kimberly Reed
65608,Leon Gast
73289,Conor McPherson
6593,John Huston
62926,Steven Cantor
96199,Liz Garbus
240600,Philippe Diaz
108847,Timo Koivusalo
578064,Ceri Levy
76981,Delmer Daves
236959,Arto Halonen
37493,Luis García Berlanga
36693,Richard Eyre
69830,Doze Niu Cheng-Tse
223909,Hue Rhodes
69982,Jeff Bleckner
82413,Jack Conway
116986,Jerry Hopper
8688,Diego Luna
591296,Witold Leszczynski
80386,Zoya Akhtar
230398,Daniel Snyder
1137915,Tomasz Zygadło
129562,Johnny Kevorkian
39885,Jacques Poitrenaud
95501,Yasujirō Ozu
56378,Thomas Clay
106697,José Luis López-Linares
107794,Steve Shimek
1214133,Lamont Johnson
121516,Nils Malmros
150390,Emily Atef
107447,Michel O. Scott
88837,Larry Blamire
1012088,James Benning
1035326,Alexander Gentelev
64901,Gordon Chan
1289727,Joo-Young Ban
58385,Dror Zahavi
225952,Vikram Jayanti
90583,Don Argott
935705,Michael Dudok de Wit
38507,Francis Veber
1052150,Bùi Thạc Chuyên
1292011,Adam Vardy
112954,Vijay Lalwani
130101,Rob Stefaniuk
231043,Charles Kinnane
40263,Manuel Poirier
26882,Kiyoshi Kurosawa
801,Michael Glawogger
120229,Jafar Panahi
87267,Francesco Rosi
11523,Georges Méliès
37302,Georges Franju
1091857,Raúl de la Fuente
968136,Tracey Hecht
1171039,Valentin Vaala
99405,Giancarlo Tallarico
228989,Ravi Chopra
230441,Abhishek Sharma
184464,Morrie Ruvinsky
226662,František Vláčil
1168287,Theo Papadoulakis
216925,Margaret Brown
938202,Felix Moeller
110227,Sooraj R. Barjatya
119430,Luigi Comencini
145057,Bette Gordon
1086649,Denis Heroux
105153,Vicente Aranda
14292,Sidney Gilliat
938146,Wladyslaw Starewicz
231490,Juan Carlos Valdivia
1087944,Pierre Thoretton
228376,Yael Hersonski
59357,Teddy Newton
234397,Jeff Malmberg
146964,Kenneth Anger
141060,Joao G. Amorim
81437,Philippe Falardeau
1048454,Robert Barry Ptolemy
144798,Simon Cellan Jones
128043,Andrea Molaioli
82222,Emmett Malloy
88142,Vipul Amrutlal Shah
236360,Daming Chen
543592,Annette K. Olesen
18574,Budd Boetticher
140470,Mitsuo Yanagimachi
1031196,Jari Kokko
1175931,Brian Skeet
32919,Anthony Asquith
50739,Enzo G. Castellari
57832,Daniel Lee
28976,Jack Bender
225706,Henry Saine
84460,Chaz Thorne
237943,Brigitte Berman
18927,Ralf Westhoff
112333,Matt Austin
980124,Eduard Cortés
1558,Søren Kragh-Jacobsen
232711,Alexandru Solomon
131685,Elia Suleiman
213449,Jarmo Lampela
109083,Ertem Eğilmez
557984,Kirill Serebrennikov
1013009,Gustav Deutsch
962903,Celina Murga
97278,Atıf Yılmaz
716,Emile Ardolino
229604,Clio Barnard
163190,Allan King
224610,Michael Madsen
144177,Mahmut Fazıl Coşkun
64750,Pascal Bonitzer
122740,Sergiu Nicolaescu
46324,Nathan Wang
1091507,Pirjo Honkasalo
127027,James Moll
76381,David Butler
25009,Raul Inglis
1088277,Ernesto Cabellos
550690,Meghan Eckman
588935,Sasa Gedeon
56375,Amat Escalante
91565,Åke Sandgren
257628,Kira Muratova
8246,Barry Levinson
1335325,Chris J. Ford
131652,Peter Rodger
909996,Sadao Yamanaka
121585,Raúl Ruiz
134678,Lawrence Trilling
110285,Robert Kane Pappas
301013,Helmut Schleppi
1058219,Matthew J. Pellowski
1179183,Abolfazl Jalili
1044178,Jaime Humberto Hermosillo
1082759,Amir Muhammad
1058434,Donal MacIntyre
1364459,Tapio Suominen
1173690,Forgács Péter
21452,John Rich
93905,Allan Dwan
219783,David Gregory
222507,Liisa Helminen
1309934,Jan Ruzicka
19744,John Korty
1275989,Tony Hickman
6778,John Guillermin
227239,Cristiano Bortone
151166,Frédéric Fonteyne
145518,Zeki Demirkubuz
1215282,Lynne Stopkewich
550527,Susan Saladoff
1138216,Grzegorz Królikiewicz
3776,Jean-Luc Godard
147428,Wolfgang Groos
128107,Gianni Amelio
1146132,Jean Benoît-Lévy
991950,Xavi Puebla
50719,Rodman Flender
8636,Cecil B. DeMille
51193,Franziska Meletzky
1668446,Scott Owen Moore
223736,Stephen K. Bannon
30008,Leo McCarey
587928,Emilio Aragón
84515,Katherine Brooks
65994,Andrew Lau
1963,Danièle Thompson
110347,William K.L. Dickson 
59923,Marc Forby
88711,Alexandra Lipsitz
29078,Rod Hardy
33062,Curtis Bernhardt
39298,Margarethe von Trotta
15254,Emir Kusturica
230217,Adrián Caetano
931420,Herbert Ponting
213611,Richard Press
95040,Pietro Germi
148086,Zachary Levy
550175,Michel Brault
140027,János Szász
231720,Jaap van Heusden
100593,Joe May
1095434,Susan Morgan Cooper
39243,Michel Deville
936763,Carla Garapedian
1147000,John N. Carter
1023779,Chetan Anand
29755,Erle C. Kenton
76904,Brigitte Roüan
60353,Jan Fehse
564272,Michael Barnett
239378,Jacqueline Audry
49892,Fernando Di Leo
105617,Park Chul-soo
119294,Abbas Kiarostami
33064,Henry Koster
78996,Antonio Hernández
966170,Jake Rademacher
588822,Radu Jude
112206,Astra Taylor
550684,Cindy Meehl
939590,John E. Bryant
2801,Andrzej Wajda
936463,Mario Caserini
232190,U. Roberto Romano
583166,Jihun Kim
524741,Peter Richardson
27002,Wojciech Has
213330,Juha Wuolijoki
1122434,Chris Atkins
222092,Chris Holt
1081884,Keith Behrman
21657,Vera Farmiga
40506,Ulrich Seidl
1064947,Katy Chevigny
1821621,Alexandre O. Philippe
1427193,Aleksey German Jr
89535,Norman Krasna
96627,André Téchiné
1212412,Larry Shaw
1184272,Christopher Marshall
105866,Marco Bellocchio
71353,Fernando E. Solanas
591426,Marcin Wrona
81357,Suzie Halewood
75590,Kieth Merrill
29595,Rouben Mamoulian
1081467,Lisanne Skyler
80107,Akihiko Shiota
239263,Duane Hopkins
19544,Ron Friedman
1759551,Chip Mabry
125385,Masakazu Hashimoto
32096,Pierre Granier-Deferre
94063,Waldemar Krzystek
1087383,Johan van der Keuken
1077999,Mark Rappaport
78845,Arthur Lubin
78120,Daniel Adams
133090,José Luis Guerin
1340001,Greg Page
13563,Norman Jewison
149501,Michael Lange
1032022,Weikai Huang
96369,Carlos Saura
95111,Dziga Vertov
1061644,Michael D. Sellers
90054,Edward Finney
496347,Craig McCall
131785,Douglas Barr
97202,Kenji Mizoguchi
1665533,Mia Halme
146793,Alberto Lattuada
111412,Richard Harrah
1884,Steven Soderbergh
40549,Daniel Petrie
1081558,Jason Rosette
583927,Birgit Möller
121247,Lloyd Ingraham
1601664,Robert Gardner
229459,Ian Cheney
561927,Ian Palmer
532227,Arturo Ripstein
1184249,Betsy Blankenbaker
157119,Bill Kalmenson
1078811,Yvonne Rainer
1161117,Stathis Athanasiou
1162787,Alexander Nanau
19879,Cyril Tuschi
1083434,Joseph-Louis Mundwiller
77861,Jean-Philippe Toussaint
21311,Wesley Ruggles
13899,G.W. Pabst
1077895,Katja Gauriloff
81950,Curt Morgan
144821,Vsevolod Pudovkin
134811,Kōji Wakamatsu
1290251,Edwin
72266,Éric Besnard
32174,John English
131405,James W. Horne
1364488,Juha Rosma
1032115,Jon Foy
232229,Sean Tretta
1112002,Jeroen Berkvens
1105408,Seiji Maruyama
222505,Wilho Ilmari
545084,Tigmanshu Dhulia
99805,Clay Westervelt
66795,Nacho Cerdà
77171,Jack Messitt
318309,Dick Bartlett
29226,Julian Jarrold
1047948,Edoardo Leo
935745,Ken Mills
432833,Oren Kaplan
145618,Tony Elwood
238960,Jean Rouch
43553,Jerzy Skolimowski
80387,Priyadarshan
89838,Leo Penn
1113298,David Barker
175534,Scott Saunders
122619,Steve Gagne
1176430,Robert K. Bonine
933761,Jon Shenk
550857,Tim Chambers
121781,Risto Jarva
5834,Robert Stevenson
131884,Cindy Kleine
1046821,Osamu Fukutani
138205,Anders Engström
30477,Peter Werner
18626,Andy Warhol
85434,Bob Hercules
550858,Qasim Basir
11649,Cameron Crowe
131319,Marc S. Grenier
85801,Anees Bazmee
1174204,Michael Kruzan
1078794,Chris Petit
139433,Jon Moritsugu
70520,Shane Meadows
126566,Giles Foster
1020667,Alby Falzon
1417768,Kristian Pithie
41349,Michael Preece
27236,Gregg Champion
936896,Marja Pyykkö
143102,Josh Reed
81502,Pete McCormack
1028309,Susan Froemke
55761,Veit Harlan
23506,Jacques Fieschi
1053264,Manuel Iborra
18579,Burt Kennedy
1091527,Camila Guzmán Urzúa
173394,Chris Bailey
60005,Nathan Phillips
69237,Joe Berlinger
85551,Giovanni Veronesi
1350601,Adam Smith
548723,Helvio Soto
147434,Paul Joyce
940800,David Hinton
122969,Edward Sedgwick
26852,Joshua Leonard
228856,Kevin Brownlow
1100017,J. Stuart Blackton
544690,Charles Kiselyak
1177865,Hugh Munro Neely
1190361,Chiara Clemente
1310544,St. Claire Bourne
103697,Gene Feldman
1669559,Stefan Forbes
82949,Koreyoshi Kurahara
133471,Vilgot Sjöman
44950,Richard Schickel
930684,David France
41902,Rune Schjøtt
935910,Javier Soto
1057984,Bruce Ricker
1157585,Jerome Storm
1065353,Joseph Garner
1175704,Gösta Werner
67753,Mark L. Lester
1510280,Joe Anderson
1093247,Carole Langer
37362,Henry King
121608,James Westby
59438,Mark Joffe
932316,Milagros Mumenthaler
1335312,Pat Shields
82518,Paul Ziller
108012,Hiroshi Inagaki
119410,Wong Ching-Po
65012,John Ketcham
1128852,Terry Benedict
1363054,Cosmo Jarvis
1038017,Alex Rotaru
237137,João Jardim
17623,Guillaume Nicloux
36202,Robert Fischer
1017426,Babette Mangolte
930704,Lise Birk Pedersen
110683,Yuji Moriyama
1228033,Austin Jack Lynch
1355868,Dave Kehr
1559012,Carlos Rodríguez
145797,Jack Haley Jr.
1282595,Hervé P. Gustave
1230481,Hugh David
92787,Brandon Chesbro
83996,Bradford May
1177889,Susan Woll
120565,Bernard Émond
199993,Yves Lavandier
152222,Paul Powell
204484,Ken Burns
1106593,Elfi Mikesch
1336,Jet Li
1177860,Katja Raganelli
1355652,Aurélien Gerbault
1462712,Paquito del Bosco
1091347,Chris Sullivan
1668459,Jaymes Thompson
29571,John S. Robertson
80172,Marty Callner
46280,Antoine de Caunes
233485,Denis Thybaud
545229,David Weaver
236551,Marc Goldstein
230157,Dominic Burns
1038655,Damon Russell
1043877,Craig Teper
592759,Scott Colthorp
1355664,David Thompson
1016133,Jacob Krupnick
1258191,Steven Clarke
39853,Val Guest
221388,Petra Haffter
1139399,Sara Lamm
88084,Luis Prieto
1090202,Robert Vernon
938907,Jim Monaco
69737,C. Jay Cox
1088686,Peter Nicks
65429,Kunihiko Yuyama
1496,Tod Browning
128639,Armand Mastroianni
794782,Matthew Akers
1108194,Jesse Vile
20442,Roschdy Zem
1386745,James Crump
262636,Andrew Shea
36086,Peter Richardson
76367,Kjell Sundvall
225244,Hiner Saleem
1128289,Thomas Imbach
222607,Pedro Lazaga
135534,Léa Pool
589264,Darezhan Omirbayev
1014879,Chistopher Hines
1085923,Dror Moreh
44726,Waris Hussein
563461,Stan Brakhage
6824,Erik Nelson
127537,Yossi Wein
37360,Henry Hathaway
1046110,Peter Kubelka
212406,Erica Dunton
57028,George Huang
213549,Rebecca Cammisa
1137312,Yun Jong-chan
63550,Tom McLoughlin
1052867,Bruce Conner
16794,Andreas Prochaska
77366,Bernie Denk
223388,Gary Leva
1194840,Jason Spingarn-Koff
1317537,Katya Bankowsky
130256,Salvador García Ruiz
1108192,Angad Bhalla
1331465,Andrew Hyatt
1151834,Joe Robert Cole
1188895,Michael Stillwater
126030,Herb Wallerstein
1007686,Ben Shapiro
90228,Mark Obenhaus
556471,Ana Katz
83762,Yasuomi Umetsu
93904,Irving Rapper
141989,Michael Pattinson
59670,Jane Anderson
234839,Christoph Schuch
130988,Inés París
94089,James Lew
80307,Andy Cadiff
587855,Jeremy Marre
84648,Brent Huff
134587,Kevin Noland
1167794,Jason Chaet
582632,Lisa Leeman
1079379,Treva Wurmfeld
1184248,Steven Pressman
97646,Joan Micklin Silver
4319,Stacy Peralta
1007688,Debbie Lum
965809,Andrew Drazek
1246494,Jonathan Miller
150977,Edvin Laine
87203,Rob Stewart
10231,Florian Hoffmeister
83985,Scott Wiper
150777,Mari Asato
1453166,Siao Lung
1061255,Dorothy Ann Puzo
1038652,Angelo Guglielmo
1448171,Mun Chee Yong
1079954,David Bailey
981558,Sylvia Caminer
1107266,Max McGuire
1088455,Andy Capper
562695,Jeffrey Schwarz
129694,Paul Marcus
31409,Edmon Roch
55394,Cle Shaheed Sloan
143011,Steve Balderson
70792,David Hogan
1082091,Martin Rejtman
234481,Melody Gilbert
13848,Charlie Chaplin
1158937,Luv Ranjan
545598,Anu Menon
143468,Giacomo Campiotti
228643,Morgan Neville
63208,Tommy Chong
1591861,Jorge Costa
545625,Thierry Zéno
144536,Shinsuke Sato
1081282,Noriaki Tsuchimoto
74734,Fredrik Lindström
222866,Peter Liechti
53847,Özgür Yildirim
1068377,Paul Angunawela
35318,Ken Annakin
35959,James Huth
1081054,Robin Hessman
146849,Bix Skahill
1140441,Dawn Porter
1037272,Emiko Omori
1621717,Justin Salerian
21863,Sebastian Junger
1063311,Jared Moshe
104961,Walter Forde
35911,Patrick Bouchitey
47924,Carl Schenkel
9897,Shirish Kunder
132225,Richard Hawkins
1208675,Greg Osborne
68627,Erwin Wagenhofer
1186425,Anthony Wonke
52374,Bruce Davison
213602,Nina Davenport
448563,Laurent Boutonnat
1022759,Gavin Claxton
118711,Xu Zheng
12123,Jesse Vint
1195658,Dietrich Johnston
1187397,Steve Skrovan
933488,Francis Schaeffer
929496,J.C. Reifenberg
149887,Jason Scott Sadofsky
1031176,Juan Vicente Córdoba
24380,Édouard Molinaro
77657,Hans Fjellestad
1118086,Jean-Philippe Tremblay
127926,Ya-chuan Hsiao
56349,Victor Salva
123515,Alex Karpovsky
61929,Francis Delia
105294,George Mendeluk
98669,John Lechago
1084736,Stephen T. Maing
158300,Dan Clark
1154539,Susanna Helke
1091896,Hugh Hartford
99314,Yılmaz Erdoğan
176484,Marc Munden
105446,Indra Kumar
130758,Andrew Monument
67767,Hal Needham
1085907,Tom Donahue
116788,Darryl Roberts
1006860,Benjamin Whalley
84981,Brian Trenchard-Smith
555506,Brett Ingram
87671,John Moffitt
933013,Jonathan Ogilvie
116143,Dibakar Banerjee
1079442,Janice Sutherland
146717,Pascal Thomas
87484,Emmanuel Kervyn
1143378,Edouard Deluc
231756,Sandy Tung
141199,Michael Kloft
1187602,John Pilger
1140474,Marta Cunningham
27676,Robert Markowitz
1731198,Goldie Behl
56379,Chung Mong-Hong
83883,Kjell-Åke Andersson
980186,Glen Coburn
1056719,Ashley Miller
567933,Chris Peckover
1318106,Jack Witikka
19864,Rosa von Praunheim
222864,N.C. Heikin
158938,Linda Bloodworth-Thomason
130326,Penelope Buitenhuis
1181281,Saschka Unseld
65452,Mike Leigh
1285880,Carter Mays
129433,Eric Rochant
78013,Dallas Jenkins
145234,Serge Gisquière
932643,Pip Chodorov
116803,David Leaf
83142,Carl Colpaert
404895,Phil Benson
1178814,Russell Leigh Sharman
1079021,Jim Larsen
1354558,Tim Disbrow
56988,Robert Brinkmann
931889,Crayton Robey
1141879,Spencer McCall
1181083,Adam Blaiklock
146445,Çağatay Tosun
1122849,Jean-François Brient
150884,Bosse Lindquist
148011,Jari Halonen
138140,George Schaefer
1169788,Ric Esther Bienstock
602161,Paul Gordon
99996,Scooter McCrae
108888,Brenton Spencer
1274774,Frédérique Barraja
1003188,Miguel Gonçalves Mendes
123543,Alan Metzger
1140581,Evan Leong
774,Daniel Petrie. Jr.
41222,Arthur Allan Seidelman
544951,Alexandre Volkoff
90363,Douglas Jackson
1084775,Tyler Benjamin
40007,John Mackenzie
101486,Matt Cunningham
1058225,Bradley R. Swirnoff
88820,Jean Rollin
221966,Christoforos Papakaliatis
2395,Whoopi Goldberg
36172,Al Waxman
1194636,Chris LaMartina
1292421,Ebrahim Hatamikia
556711,Hannes Holm
33806,Michele Lupo
1154215,Sam Kadi
551582,Michael Schwarz
95329,Kevin Connor
1139404,Laura Archibald
148026,Fabrice Genestal
76864,Luis Estrada
1638409,Jörg Bundschuh
56263,Mary Lambert
126824,Kevin VanHook
171410,Timothy Wheeler
10620,Ulli Lommel
12453,Wong Kar-wai
1471090,Rasool Mollagholi Poor
573809,Scott W. Mckinlay
1140438,Zachary Heinzerling
84439,Julien Leclercq
21769,Bruno Podalydès
1120003,Alekos Sakellarios
567317,Jeremy Borash
209950,Lutz Hachmeister
140229,Mehdi Ben Attia
1169462,Joel Allen Schroeder
1080880,Johnny Hickey
1174031,George T. Miller
100036,D.W. Griffith
133856,Daniel Millican
72712,Patrik Syversen
592609,Benjamin Cantu
1071587,Pin-Chuan Kao
150181,John Erman
30038,Glenn A. Jordan
58729,Albert Magnoli
142696,Jean-François Davy
65392,Bryan Goluboff
1274462,Gregorio Rocha
1519044,Michael Webber
1161200,Gilles Peso
1170437,Erin Davies
143280,Norman Mailer
96372,Tom Clegg
1486660,Paul Andresen
1519165,Jan-Willem Breure
46712,Douglas Sirk
835926,Terence Nance
1236458,Ronnie del Carmen
136141,Andrew Goth
175873,Cheryl Dunn
1272345,Anna Frances Ewert
1065400,Penny Woolcock
1336731,Joung Yumi
224870,Paco León
929727,Marcelo Galvão
935896,Fernando Grostein Andrade
26436,Helmut Käutner
507164,Joel Kapity
3026,Rob Reiner
947592,Todd Ahlberg
1262719,Julia Rezende
1474057,Matt Weston
1284981,Edgar Barens
291406,Olaf Kreinsen
83467,William A. Graham
137349,Miklós Jancsó
57691,Tamra Davis
1181917,John Watkin
1050912,Auraeus Solito
937092,Flávio Frederico
126162,Richard Hankin
1084991,Till Schauder
31764,Edward L. Cahn
28369,Manfred Stelzer
76325,Daniel Alfredson
1299390,Jin Shan
83199,Tokuzô Tanaka
1287446,Michael Mayer
71781,Ben Wright
64278,Michael Feifer
1160056,Matt Orlando
950853,Samantha Grant
20056,Keith Allen
1710990,Vassiliki Khonsari
3055,David Mackenzie
57082,John Stockwell
1106092,Malcolm Clarke
1296020,Patrick Viersen Brown
37710,Peter Hyams
95760,Erik Skjoldbjærg
1075144,Sam Hoare
935834,Matt Mahurin
53583,Alison Murray
1140473,Shaul Schwarz
1043404,Michael Roemer
237884,Andrucha Waddington
95476,Connie Stevens
100979,Douglas Hickox
1276944,Charlie Paul
6759,Friðrik Þór Friðriksson
933320,Eldar Rapaport
1389407,Mickalene Thomas
1258313,Antony Thomas
440767,Chiemi Karasawa
100921,David Attwood
21544,Richard C. Sarafian
24298,Gérard Blain
81495,Keiichi Hara
77306,Hunter Weeks
194276,Paul Osborne
229765,Mariano Ozores
240150,Derek Yee Tung-Sing
67316,Masayuki Ochiai
1040405,Thomas S. Alderman
586081,Edo Tagliavini
1045486,Jean Painlevé
1272412,Nathan Clarke
1677570,Frank Piasechi Poulsen
229263,Benoît Jacquot
131349,Ryan Combs
1048491,Miguel Hermoso
34017,Daniel Sánchez Arévalo
140815,James Parrott
1306936,Kate Logan
1141886,Christopher Riley
1050755,James Savoca
666935,Barry Avrich
585169,Didier Tronchet
25182,Yves Robert
1493236,Jeremy Grant
14860,Victor Saville
21768,Sylvain Chomet
234749,Carlos Bolado
1062421,C.W. Cressler
1061601,Niko von Glasow
143285,Larisa Shepitko
1172509,Chadd Harbold
938142,John Feldman
104727,Maurice Elvey
1596776,Michael Evans
89785,Ron Ormond
7124,Ray Milland
1184450,Sut Jhally
5306,Lasse Hallström
102797,Robert Marcarelli
1074445,Peter W. Kunhardt
1152,Oliver Stone
1368782,John Wellington Ennis
13015,Phillip Noyce
82678,Harry Lachman
129926,John Junkerman
1442862,Josef Steiff
588701,Des McAnuff
142594,Les Blank
1349268,Sara Dosa
95066,Sergei Parajanov
18710,Marcus H. Rosenmüller
173633,Larry Parr
22467,Umberto Lenzi
17304,Adrian Pasdar
286679,Adam Ripp
1169073,Nicholas D. Wrathall
9603,Sergei M. Eisenstein
224788,Rasmus Breistein
96813,Maya Deren
1016135,Poull Brien
122016,Carlo Lizzani
1284978,Jason Cohen
1076027,Sharon Lockhart
1081524,Frans Zwartjes
550481,Jérémy Clapin
63303,Peter Cornwell
11983,Alain Resnais
932609,Koji Yamamura
1400217,Angela Tucker
1210338,Matti Kuortti
28615,Éric Rohmer
51034,Brett Sullivan
19172,Donald P. Borchers
965,Fernando Fernán Gómez
1060633,Jonathan Holiff
1272324,Pipilotti Rist
938587,Neil Berkeley
1348076,Manuel De Landa
189655,Jim Kaufman
125457,Tibor Hernádi
591947,Richard Condie
1168560,Seyyed Reza Mir-Karimi
1172111,Jerzy Rose
1316819,Ryan Murdock
125544,Tim Fywell
97555,Roel Reiné
229873,Gerardo Olivares
130791,John Lyde
560264,Eduardo Mignogna
257772,João César Monteiro
32427,W.S. Van Dyke
90375,Christy Cabanne
71732,Peter Masterson
63462,Christopher Duddy
236362,Alain Tanner
41587,Armyan Bernstein
142514,Pavel Bardin
233660,Hiroshi Shimizu
929616,Marina Rice Bader
106242,Nick Zedd
1123200,Santiago Álvarez
1084410,Robert Child
147418,Marc Walkow
13953,Edward F. Cline
4964,Hal Ashby
305750,Patrik-Ian Polk
21305,Lloyd Bacon
64114,Edward Dmytryk
77319,Jacob Cheung Chi-Leung
236644,Augusto Genina
228278,Seong-kang Lee
937659,Judd Ehrlich
20658,Naomi Kawase
152315,Rich Correll
111414,Charles Burmeister
94208,Vincent Bal
1195431,Maxine Trump
237715,Geethu Mohandas
933007,Gary King
88228,Rocco DeVilliers
61985,Olivier Baroux
75881,Randall Cole
1124549,Antti Haikala
15389,Louis Malle
66250,James Larkin
46325,Jingle Ma
589740,Sang-woo Kim
1133064,Pascal Lahmani
1178439,Martin Le Gall
1285792,Michael Rossato-Bennett
104051,Michael Campus
30310,James Hawes
54644,Joel Zwick
10146,Jacques Tourneur
120943,Jacob Young
1082911,Paul Sharits
24265,Bill Bailey
1314929,Tony Shaff
44866,Edwin S. Porter
996681,Tyron Montgomery
141744,Jody Shapiro
91186,Douglas Tirola
93406,Elem Klimov
583175,Jeong Yong-ki
21506,George Sidney
96001,John Kent Harrison
40184,Philip Leacock
151399,Harvey Hart
82714,Alan Clarke
1205467,MJ Dixon
57214,Prachya Pinkaew
1209675,Jules Bishop
46599,Nick Redman
1486390,Justin Timpane
120970,Deborah Stratman
240798,Christina Clausen
41159,Ferdinando Baldi
230668,Luciano Ercoli
100419,Mario Gariazzo
264596,Roberto Infascelli
1063830,Chris Brandt
103112,Stelvio Massi
120189,Enrico Oldoini
45030,Domenico Paolella
106345,Neri Parenti
1074446,Pier Francesco Pingitore
69038,Carlo Vanzina
50778,Giuseppe Vari
101108,Alberto De Martino
548474,Wong Jing
99511,Duccio Tessari
1313927,Ken Fuhr
1487896,Joe Medeiros
1090613,Greg Carson
25141,Paul Seydor
56742,Bruno Corbucci
54451,Brian G. Hutton
84074,Jay Karas
1328747,Robert Denny
123367,Tuukka Temonen
1085841,Arthur Lipsett
77134,Robert Celestino
64171,James Hayman
150748,Jerry P. Jacobs
1128865,Jesse Wolf
6558,Gordon Parks
85456,Mahesh Manjrekar
7506,Irwin Allen
108738,Dan Garcia
23630,Jeff Anderson
1356464,Signe Baumane
1791780,Adam Miklos
16886,Stephan Schesch
39996,Sidney Lumet
232216,Carmen Marron
557383,Marc Meyers
139280,Jay Chapman
1357836,Joe Angio
1044881,Teemu Nikki
202212,Peter Sanders
52094,Jerry Jameson
1116302,Taru Mäkelä
10092,Robert J. Flaherty
1083454,Brian Mills
92410,Anders Nilsson
936584,Laurent Bouzereau
89193,Carlo Verdone
238433,Andrzej Munk
38072,Yves Allégret
106491,Mark Griffiths
81154,Mariano Galperin
91026,Tennyson Bardwell
126423,Andrew Green
59828,Shawn Papazian
1316684,Aku Louhimies
239412,Aram Avakian
109708,Bill Burr
66987,Fritz Kiersch
151092,Eric Eason
50303,Michael Pate
41147,Alfonso Brescia
116326,Philip Dunne
1260586,Matthew Arnold
1046935,Kim Longinotto
1000817,Sari Gilman
1203693,Matt Hish
110876,Rachel Goldenberg
33954,Spencer Gordon Bennet
122904,Greg Barker
938835,Marina Zenovich
591410,Norm Hunter
1048458,Saul Metzstein
82859,Craig Singer
206993,Louis Choquette
204553,Ethan Spaulding
68762,James D.R. Hickox
29693,David Wu
55668,Jamie Uys
29648,Dan Curtis
5629,Freddie Francis
185050,John Paddy Carstairs
95526,William Asher
2000,Lewis Milestone
1006788,Doug Lodato
45645,Deran Sarafian
56979,Andrew Lauer
41270,Chuck Bowman
212678,Robin Sheppard
1361047,Nima Javidi
33880,Dick Lowry
1022676,Robert Youngson
109635,Michael Ray Rhodes
47399,Frank Tashlin
33341,Rick Rosenthal
27746,Ken Finkleman
89956,Rasmus Heide
14293,Frank Launder
142517,Tim Kirkby
81020,Benjamin Ross
15663,Joseph Sargent
96909,Denis Sanders
57898,William Malone
22140,Kari Skogland
150605,Edmond T. Gréville
1221695,Bonnie McFarlane
96801,Hiroshi Teshigahara
1093493,Lou Simon
65133,Marcus Raboy
545502,Lee Alan McConnell
76081,Paul Goldman
232672,Douglas Schulze
98132,Jim Wynorski
21161,Jamie Mitchell
1046556,Jorge Hinojosa
1032487,Gemma Atwal
936912,Bob McNaught
124904,Thibaut de Longeville
68132,Malcolm Marmorstein
929825,Ava DuVernay
3110,Allison Anders
1118348,Mickey Keating
131885,Ryan Piers Williams
1926,Eddie Izzard
1023710,Earl Duvall
38131,Sergey Bondarchuk
176856,Howard Baker
57665,Eric Karson
131846,Claudia Myers
42171,Jonathan Kaplan
27238,Brian McNamara
587603,Keisuke Kinoshita
50583,Adam Rifkin
71174,Tsai Ming-liang
1138999,Marcello Andrei
11478,Lorraine Bracco
39058,Julien Duvivier
1116485,Todd Kellstein
1176379,Janicza Bravo
550479,Dony Permedi
1340791,Pete Parsons
84551,David Barnard
143463,Dave Fleischer
142449,Frédéric Back
148321,Ryan Larkin
51918,Harmony Korine
1067966,Harold L. Muller
42,Lars von Trier
1037661,George Albert Smith
52542,Veit Helmer
1025748,Chuck Workman
1759722,Mark Whiting
176063,Hal Sutherland
11012,Michael Dougherty
179496,Mark Farrell
5602,David Lynch
573540,Arthur Davis
21404,Kurt Voss
148764,Marc Didden
945167,Jacobo Rispa
51967,Jeanne Labrune
27221,Dominique Farrugia
44955,Lamberto Bava
23741,Axel Corti
21171,Gérard Jugnot
1073097,Arnauld Mercadier
142960,Harvey Frost
82289,Jean-Paul Lilienfeld
931125,Rolf Hädrich
48995,Christian-Jaque
1354376,Juris Kursietis
116431,David A.R. White
124856,Zaida Bergroth
271099,Vasili Zhuravlyov
57510,Heather M. Winters
1282041,Emile Edwin Smith
999909,Dusty Bias
1646354,L. Gabriel Gonda
74396,Tomas Alfredson
81210,Stephan Apelgren
101191,Cesare Canevari
1188433,Sergio Caballero
1008539,Fabiomassimo Lozzi
890566,Claude Friese-Greene
1201869,J.B.L. Noel
1169869,Nick Sherman
240637,Corinna Belz
8741,Victor Sjöström
952078,Andrea Kreuzhage
1086269,Laila Pakalnina
1061561,Mark Cousins
55916,Gabriele Salvatores
592938,Robert Vernay
19639,André Hunebelle
59940,Thom Best
294790,Pat Bermel
103699,Gary Yates
78419,Pascal Plisson
17051,James Franco
40391,Richard A. Colla
115598,Duilio Coletti
37915,David Greene
177876,James L. Conway
64205,Alexandre Arcady
198573,Jonas Quastel
1127813,Rezo Chkheidze
1087351,Giorgio Cristallini
56059,Patrick Read Johnson
93301,Jun Falkenstein
21475,John Putch
118581,Federico Zampaglione
151294,Allen Reisner
994095,Cary Medoway
199578,David Thacker
35256,Damiano Damiani
94050,Naoko Ogigami
1156237,Matt Adams
151157,Christjan Wegner
1015967,Saara Cantell
15557,Bill Condon
87472,James Whitmore Jr.
59023,Stewart Raffill
589012,Irene Taylor Brodsky
1696421,Leo D. Paur
1348142,Bryan Tucker
32940,Yves Boisset
29494,Nicolas Gessner
9740,René Clément
1093407,Enzo di Gianni
82386,Jonathan Heap
41272,Don Mischer
123798,Sheree Folkson
943403,Harry Baweja
1377562,Abhishek Jain
40235,Jacques Deray
221466,Filippos Tsitos
24882,Jacques Demy
4695,Don Edmonds
1063377,Bryan Buckley
32632,Percy Adlon
930430,Cynthia Beatt 
564818,Hua-Tao Teng
64140,Sanaa Hamri
1332317,Aik Karapetian
12846,William A. Fraker
50567,Melvin Frank
37197,Riccardo Freda
1413999,Aneta Kopacz
1328327,Tomasz Sliwinski
1322602,Richard Ramsey
76882,Cy Endfield
73761,Sébastien Lifshitz
107065,Arthur Marks
1107494,Cynthia Wade
1106516,Patrick Jean
85670,Anurag Kashyap
537978,Pierre Falardeau
535402,Malcolm McDonald
1124099,Todd Portugal
56033,Enzo Barboni
51421,Marcello Fondato
586204,Olivier de Plas
132542,Maurice Barthélemy
1083120,Jackie Reem Salloum
231537,Bob Smeaton
1246706,Nicole Rittenmeyer
87014,Marcelo Piñeyro
21116,Robert May
50542,Eugenio Martín
30716,Virginie Despentes
239473,Romolo Guerrieri
81910,Robert Ethan Gunnerson
559726,Tizuka Yamasaki
115279,Fredrik Gertten
55393,Angela Sun
1265633,Gianfranco Pagani
44973,Mario Moroni
1121908,Gianni Manera
236421,Denis Côté
224452,Gianfranco Rosi
1087353,Jeff Broadway
19396,John Brahm
42016,Bernardo Ruiz
223525,Lorenzo Gabriele
1314043,Joshua Rofe
1035,Paul Schrader
1018810,Drew Maxwell
1113696,Ian Roumain
1387850,Siniša Gačić
1441577,Bitte Andersson
1422815,Denny Tedesco
113939,Justin Rhodes
1066135,Dom Rotheroe
84525,Saul Swimmer
65569,Emmanuel Mouret
95456,Elio Petri
72543,Sam Firstenberg
1050728,Jordan Leondopoulos
107011,Gabrielle Beaumont
16830,Boaz Davidson
102439,John Terlesky
44725,Curtis Harrington
100645,Michael Fischa
1408873,Sasha Reuther
103188,Andy Milligan
30942,William A. Levey
15872,Martyn Burke
17784,John Irvin
1106992,Camilo Tavares
1011340,Vincent Lannoo
20646,Gabriele Muccino
53943,Ignacio F. Iquino
1244885,Helmut Krätzig
145639,David Sieveking
80118,Michael Coldewey
108657,Constantine Nasr
562154,Akim Isker
136745,Lucien Jean-Baptiste
125426,Lee Eon-hee
18064,Michael Karen
6543,Eric-Emmanuel Schmitt
1257891,Sammy Jackson
973039,Timothy Johnson
87407,Walter Doniger
2176,Tommy Lee Jones
573790,Park In-je
1368971,Bobby Roe
1181046,Ken Ochiai
1037367,John Gianvito
1292036,Gustavo Fontán
1293509,Mariano Llinás
150615,Seren Yüce
228610,Metin Erksan
74626,Dan Reed
543495,Paul Schneider
1196669,Roger Duchowny
98385,Chuck Vincent
175323,Robert Sigl
1197825,Jose Altonaga
225892,Patrick Schulmann
109095,Oz Scott
1131434,Richard Brander
1164730,James Ingrassia
41355,Dimitri Logothetis
938816,Rudy Poe
142404,Ellen Goosenberg Kent
1331052,Pierre Isoard
144812,Pascale Pouzadoux
32733,Harvey Kahn
1558425,Pete Jones
1070460,Henri Sala
62826,Ed Hansen
51809,Rod Amateau
64190,P.J. Pesce
1452871,Marcelo Epstein
110464,Paul Justman
592646,William Olsen
29287,Timothy Bond
6046,Roland Emmerich
51785,Charlie Loventhal
21370,Roger Donaldson
1416838,Bertrand Normand
138756,Charlotte Brandström
1278717,Vadim Jendreyko
1183241,Petra Seeger
543302,Arto Tuohimaa
588736,Matt Wolf
1126234,Michael Elliott
14875,Robert Rossen
103580,Thierry Notz
81856,Nicholas Jarecki
1329254,中村誠
160914,Ron Winston
110557,Raymond Jafelice
234103,Markus Imboden
1193820,Anand Gandhi
1449268,James D. Cooper
1063900,Josh Oreck
1314222,Igal Hecht
12150,Maximilian Schell
9778,Ice Cube
1189049,Zak Levitt
28233,Wisit Sasanatieng
1906015,Mat Hodgson
928400,Jeremy Seifert
116780,Yûichi Satô
84736,Ivan Passer
36061,Brian Clyde
26265,Lina Wertmüller
930694,Babis Makridis
1110380,Peter Rosen
1076630,Mario Pinzauti
94917,Mitchell Altieri
80948,William Lau
1350796,Karen J. Lloyd
85435,Gino Nichele
45916,Owen Hurley
92125,Conrad Helten
276459,Salomé Breziner
1553042,Justin Dillon
121614,Kenneth Glenaan
233516,Jean-Christophe Klotz
164665,Liz Miller
999717,Mark Edlitz
1184014,Garry Beitel
937342,Mark Hall
1423197,Michael Graziano
226403,Pete McGrain
1266207,Yorgos Tsemberopoulos
136505,Ben Caron
1168608,Taneli Mustonen
137455,Diego Rafecas
1367182,Timothy L. Anderson
16544,Ted Kotcheff
20833,Jace Alexander
1109560,Gaël Lieblang
124713,Michael Stephenson
78922,Rajat Kapoor
1090090,Bo Mathorne
28781,Christian Clavier
56891,Rachel Talalay
74893,Alejandro Doria
1208291,Kathy Brew
1200580,Akçay Karaazmak
100054,Maurizio Lucidi
76310,Darren Ashton
937775,Roger Cardinal
81297,Mark Atkins
33717,Giorgio Capitani
1149313,Harry Freeland
6869,Mike Fleiss
1287825,Chris Löfvén
1086386,Jason Lapeyre
117691,James P. Hogan
14281,Alan Crosland
569,Ethan Hawke
14132,Nicolas Roeg
583933,José Pinheiro
262925,Gleb Panfilov
1190262,Mikhail Romm
126421,Aleksandr Petrov
1199016,Aleksey Uchitel
238891,Maxim Korostyshevsky
1301085,Greg D. Williams
82751,Fred F. Sears
1045533,Juan López Moctezuma
24867,Henri Helman
90522,Daniel Mann
21598,Ralph Thomas
87713,Neeraj Vora
76813,Ram Gopal Varma
59879,David Trueba
227311,Nanni Loy
29888,Flavio Mogherini
67924,Steno
31621,Jeff Burr
107466,James Aviles Martin
887794,Geoff Marslett
52208,Joe Massot
223965,Giulio Manfredonia
1151788,Andrea Zaccariello
120127,Gennaro Nunziante
137768,Sulev Nõmmik
1455094,Atle Knudsen
72254,Éric Caravaca
121256,Mauritz Stiller
1507069,Harry Smith
1022656,David Brundige
1024444,Rodrigue Jean
103156,Mario Bianchi
49552,Franco Brusati
1623373,Jonathan Lee
935588,Jennifer Maytorena Taylor
132257,Giuliano Montaldo
70562,Luigi Magni
57641,Dino Risi
53657,Pasquale Festa Campanile
230426,Leanne Pooley
198844,Faye Jackson
227520,Mauro Bolognini
226101,Jos Stelling
229222,Antonio Pietrangeli
1540341,Chris Blum
1016158,Clay Jeter
556647,Carl Colby
56470,Javier Fesser
29744,John Hayes
1408596,Dave Eddy
38692,Paul Hoen
93530,Tamara Olson
8108,John Warren
1296534,Corbin Billings
1182407,Emma Franz
529140,Sue Bourne
1036315,Trish Dolman
954780,Paul Saltzman
1202450,Lydia B. Smith
78069,Eric Le Roch
72258,Steve Boyum
1307554,Ajay Bahl
93257,Christian Poveda
85445,Rohan Sippy
32576,Rolf Olsen
1248900,Marty Pasetta
109070,Kenneth Bowser
2662,Frank Capra
17247,Po-Chih Leong
234478,Abel Ferry
22692,Sharon von Wietersheim
64099,Sam Pillsbury
225967,Kantz
61440,Lance Bangs
1066705,Vince Marcello
1070241,George Loane Tucker
1204410,Robert Mullan
87772,Rajkumar Santoshi
86783,Rohit Shetty
301314,Nam Yin
77362,Sheldon Wilson
114380,Paresh Mokashi
1155084,Miguel Larraya
65719,Erik MacArthur
60693,Andrew Pozza
165640,James Ryan
69741,David M. Evans
94123,Richard Van Vleet
1035830,Sean Dillon
22353,John De Bello
1111709,Tom Putnam
31890,Luigi Zampa
589916,Akira Hirose
117060,Ray Patterson
45982,Alberto Sordi
590928,Paul McEvoy
106834,Charles A. Nichols
1198151,Scott Scornavacco
138174,Don Lusk
94045,Bill Corcoran
74159,Robert B. Weide
579043,Thomas Villum Jensen
77042,Michael Simon
1358947,John R. Walker
17309,Greg Beeman
1185267,Vianney Lebasque
6592,Duwayne Dunham
83313,Melanie Mayron
16988,Maurice Pialat
19303,Kevin Smith
238660,Alessandro Pambianco
224204,Ascanio Celestini
139308,Mo Perkins
116430,Carey Scott
92554,Harry Winer
1271989,Giacomo Martelli
223988,Giuseppe Bertolucci
237205,Craig M. Saavedra
58053,Pang Ho-cheung
76240,Stephen Tolkin
229275,Leena Yadav
1374174,Eddie Martin
1249974,Koji Masunari
88046,Pieter Kramer
132722,Curtis Crawford
1049535,Matthew Patrick
90365,Graeme Campbell
92227,Doug Campbell
110468,Terry Ingram
100558,Andrew Lane
1445741,Nancy Kelly
1519059,Ali Rafie
1212392,Michael Levine
84300,Chris Lowell
207168,Aubrey Nealon
12438,Bob Balaban
1821096,Sarab Neelam
1907940,Mark Devries
556485,Alessandro Di Robilant
29549,Oskar Fischinger
94003,Yim Pil-sung
588957,Radha Bharadwaj
1325970,William Savage
77294,James T. Walker
78860,Terry Cunningham
177953,Tony Barbieri
1023318,Benjamin Gilmour
1663059,Michel Welterlin
205298,Eric Weston
1089713,Peter von Bagh
34264,Marco Ferreri
1485826,Martha Burr
932759,Brett Haley
168782,Don McBrearty
31898,Luciano Salce
133115, E.W. Swackhamer
227238,Daniel Roby
1041117,David Bezmozgis
1089245,Zhou Hao
1088494,Peter Foldes
1284954,Thomas Beatty
996242,Tyler Spindel
1415184,Doug Aitken
150962,Denis Rabaglia
234573,Giambattista Avellino
7554,Silvio Soldini
129106,Alessandro Genovesi
1044765,Stefano Chiantini
227913,Lucio Pellegrini
225103,Francesca Comencini
227846,Piergiorgio Gay
1123261,Saverio Di Biagio
227939,Francesco Munzi
72191,Pupi Avati
32245,Arturo Brachetti
225139,Marco Ponti
89388,Umberto Riccioni Carteni
68149,Francesco Patierno
120018,Massimo Venier
59911,Daniele Luchetti
73639,Cristina Comencini
138720,Luca Lucini
585670,Jean Veber
1341360,Andy Palmer
131853,Shoaib Mansoor
1347739,Edison Cájas
960324,Michael Gordon
114878,Mark Sobel
135604,Kathrine Windfeld
577811,Gregory Gieras
1266451,Theo Love
41111,Piotr Wereśniak
19101,Lee H. Katzin
1186342,Tomas Leach
151051,Fritz Mitchell
150988,Al Szymanski
150984,MLB Productions
151002,Thaddeus D. Matula
89889,Daniel Gordon
1005658,Michael Bonfiglio
1384720,Ken Rodgers
4320,Sam George
96439,Nanette Burstein
140617,Ezra Edelman
1035385,John Hubley
1168846,Torbjörn Axelman
126624,Davide Marengo
229575,Maurizio Ponzi
57639,Tonino Valerii
519898,Ali Khamrayev
1363782,Geoff Bowie
1488665,Christopher C. Frieri
109537,Ralph Hemecker
86988,Demetrius Navarro
43959,Nickolas Dylan Rossi
1344458,Kevin McDonagh
1284414,Robert H. Gwinn
93230,Amir Valinia
1078022,David Lee Madison
67075,Sion Sono
130895,Russell Thomas
557418,Song Il-gon
140886,Joseph Mangine
1506005,Veronika Lisková
131465,Bowie Lau
1279785,Ciro De Caro
1109314,Esteban Echeverría
1002149,Richard Trank
1154205,Thomas Farone
110834,John Murlowski
25598,Paul Greengrass
1148226,John Corry
1047295,Rachel Seifert
95024,Bobcat Goldthwait
1028305,Carlos Moreno
236884,Athina Rachel Tsangari
586958,Gian Vittorio Baldi
214121,Ross Wilson
613697,Dev Benegal
1282342,Lino Del Fra
96927,Antony Cordier
64108,Jake West
1209672,Jennifer Conrad
1021714,Murray Roth
1012152,Pedro Luis Ramírez
148305,Takashi Minamoto
95956,Luc Picard
233998,Sven Bohse
935536, Dale Trevillion	 
47822,Bouli Lanners
140244,Manny Rodriguez
94355,Peter Jaysen
269562,Lawrence Lanoff
583196,Frank C. Schröder
56851,Victor Cook
178998,Jack Regas
1211830,Stefan Scaini
39022,Anthony Page
201568,Peter Baldwin
27728,Leslie H. Martinson
225219,David Sereda
930435,Graham Ralph
139355,Wan Laiming
97373,Tetsuo Imazawa
1040520,John Chuldenko
41616,Segundo de Chomón
1161135,F. Percy Smith
931794,Émile Cohl
1868,Louis Lumière
1196721,Georges Demeny
22598,Dore Schary
109744,Ryan Polito
125361,Koltai Róbert
120512,Jon Dunham
99437,Franco Prosperi
301974,Daniel Percival
1149008,Nadir Moknèche
7465,Carrie Preston
74653,John Borowski
239168,Santiago Carlos Oves
1318630,Steve Roberts
444687,Peter Wade
557854,Mania Akbari
1256151,Michael Kantor
1066440,Ketan Mehta
1031603,Jon Karthaus
83681,Kim Yoo-jin
17862,Alex Steyermark
1068848,Han Yan
116792,Everett Lewis
76447,Shimit Amin
145304,Udayan Prasad
1434098,Steve Kopera
133202,Takanori Tsujimoto
1108871,Stephan Zlotescu
1059880,Ildikó Enyedi
46791,Hubert Sauper
229359,Toshikazu Nagae
928774,Roberto Castón
1187198,Jonathan Taïeb
1110911,T.C. Johnstone
1209864,Yoruba Richen
1074508,Caroline Bacle
119337,Dong-hun Choi
71947,Gina Prince-Bythewood
1445738,Marie Nyreröd
1188,Kim Ki-duk
16487,Charles Winkler
1173395,Shimmy Marcus
1171914,Lee Man-hui
1424349,Nelly Ben Hayoun
1439071,Andreas Horvath
125637,Brian Baugh
76978,Masaki Kobayashi
196197,Albert Herman
12632,Daniel Sackheim
449832,Hayley Cloake
1480986,Baik
1393117,Noah Thomson
1208357,Antony Thomas
112400,William Girdler
928979,Oscar Ruiz Navia
1073823,Gonzalo Tobal
145714,Osman F. Seden
238714,Robert Frank
49415,Paul May
979350,David Pinillos
144845,Matthieu Delaporte
70854,Jean Delannoy
1421857,Lina Mannheimer
119405,Min-Ho Cho
978909,Álvaro Begines
101053,Howie Askins
37626,Patrice Leconte
1489282,Ahn Gooc-Jin
84998,Kwak Kyung-taek
163198,Holly Dale
133423,Prakash Jha
90454,David Dhawan
1065740,Kazuya Sasahara
1401889,Anna Kadykova
1498847,Kate Geis
460200,Anna Melikyan
236914,Diastème
93003,Aleksi Salmenperä
1497110,Anup Bhandari
1513674,Chung Lee
1357884,Guy Myhill
235578,John Pirozzi
936622,Michel Poulette
621628,David Van Taylor
110519,Yoshishige Yoshida
93903,Cédric Kahn
1134,Marin Karmitz
116330,Patrick Creadon
1550593,Albert Xavier
1341629,Sanjay Rawal
83255,Anne Wivel
66728,Jonathan Glazer
150602,Man Ray
73629,Denis Langlois
1148322,Makis Papadimitratos
1452019,Rebecca Parrish
1227268,Dan Kavanaugh
17439,Mike Mills
56435,Stephen T. Kay
109082,James R. Gorrie
95262,Richard Sale
1476433,Ruth Ann Baldwin
1039943,Nick Millard
1266283,Jon García
1043047,Rick Reinert
79872,Andrew Kötting
10723,Mike Newell
1199439,Philip Jackson
1320314,Lauren Himmel
2712,Michael Biehn
1822,Charles Correll
65420,Louis Morneau
1012161,Connie Field
20023,Youssef Chahine
1085919,James Ronald Whitney
1494648,Carl Medland
1090060,Hans Fabian Wullenweber
1250064,Craig Goodwill
1115718,Rob McLellan
1681622,Richard Mans
1294527,HongSeon Kim
127531,Song Hae-sung
553555,Choi Jin-won
85006,Kang Woo-Suk
1336940,Park Sang-Joon
86325,Ryoo Seung-wan
1023610,Park Dae-min
84715,Kim Min-suk
930416,Young-Sung Sohn
439236,Zackary Adler
1292897,Woo Min-Ho
118712,Kim Tae-kyung
548651,Ho-Young Kwon
118688,Dong-yeob Shin
125099,Law Chi-Leung
551989,Nelson George
1475318,Kim Hak-Soon
995331,Daniel Peddle
589024,Yi-chi Lien
1466391,Rody Claude
30052,Leigh Scott
1031934,Benito Perojo
6818,Werner Herzog
29388,Mario Siciliano
53387,Heywood Gould
144196,Nicole van Kilsdonk
1232592,Chris Eyre
100734,Johannes Roberts
1262724,Amy Hardie
43099,Deane Taylor
1185256,Igor Zaritzki
76021,Griff Furst
81251,Banjong Pisanthanakun
141888,Jon Stone
141619,Claes Eriksson
145509,Ozan Aciktan
581415,Leyla Yılmaz
70579,Serdar Akar
40025,Özer Kiziltan
42804,Sanjay Leela Bhansali
82579,Kevin Tenney
67642,Sebastian Dehnhardt
84034,Clarence Brown
25826,Mario Bava
103111,Giuliano Carnimeo
105984,Alvin Rakoff
99362,Craig Shapiro
56865,Fruit Chan
29433,Lucio Fulci
230349,Daniele Ciprì
89275,Massimo Pupillo
116329,Joel Gilbert
1149369,Kader Ayd
45672,Bruno Mattei
39009,Joseph Losey
83173,Yuthlert Sippapak
939330,Chu Yen-ping
129627,Antonio Manetti
82800,Norman Taurog
1020742,Dana Nachman
550519,Nikolai Rasheyev 
240351,Igor Maslennikov
239485,Stanislav Rostotsky
1085341,Yakov Protazanov
1419971,Aditya Sarpotdar
1359154,Samir Patil
1298633,Sameer Vidwans
229252,Nishikant Kamat
1172858,Mahesh Kothare
1173084,Ravikant Nagaich
53978,Subhash Ghai
1079152,Frank Beal
20877,Renato Castellani
1143757,Jagdish A. Sharma
625416,Guddu Dhanoa
82516,Vladimir Bortko
114484,Matheus Souza
1166937,Eugênio Puppo 
309934,P. Vasu
85894,Mahesh Bhatt
113671,Dharmesh Darshan
1770592,Sanjay Gupta
550155,Anna Broinowski
134328,Alexandra Pelosi
1180543,Edward S. Curtis
83284,Dee McLachlan
1521135,Martin Edralin
936922,Andy Anderson
81116,Eliseo Subiela
67967,Adriano Celentano
1375639,Roberto Faenza
589104,Paco Arango
1338679,Cacau Rhoden
68770,Mark Rosman
105407,Park Young-hoon
588449,Arthur Dreifuss
72952,Grant Harvey
122670,Tomasz Konecki
586094,Harold Crooks
1353210,Amir Amirani
230541,Isabelle Doval
32375,Mario Monicelli
20718,Claude Berri
89930,Anders Østergaard
23945,Gérard Pirès
44878,Nathan H. Juran
1302222,Edgar Hagen
158081,Paul Lazarus
1416344,Lloyd Handwerker
229236,Jean-Loup Hubert
11201,Claude Zidi
590326,Julio Saraceni
1190631,Григорий Никулин
22636,James Yukich
236829,Tatyana Lioznova
87680,Michele Soavi
935798,Matthew George
1560396,Keita Kono
64158,David Benullo
82829,Michael Oblowitz
565366,Logan McMillan
57436,Christopher Leitch
1534511,Kim Bong-joo
147621,Alper Çağlar
239212,Mert Baykal
113873,Onur Ünlü
178460,Marc Silver
95675,Joseph Kuo
21647,Gérard Krawczyk
23961,Claudio Amendola
122724,Adam Dubin
145640,Dang Di Phan
144194,Togan Gökbakar
1172337,James W. Griffiths
87700,H. Bruce Humberstone
995391,Subodh Bhave
569209,Louis Aimé Augustin Le Prince
559282,Roberto Malenotti
1285170,Vijaya Mehta
104120,David Hughes
1257523,Thom Zimny
1147080,Omar Shargawi
589536,Brice Cauvin	 	   
1174063,Archie Borders
132059,Minoru Kawasaki
1497005,Tobias Lindner
39244,Nina Companéez
1374716,Tonje Hessen Schei
1201604,Marija Miletic Dail
148002,Charles Avery
104999,Glenn Standring
931828,Ei Aoki
931818,Takuya Nomura
931824,Mitsuru Obunai
1096815,Takahiro Miura
931823,Shinsuke Takizawa
88040,Jason Bourque
1513675,Arthur Berthelet
235270,Sandro Cecca
1097073,Julaluck Ismalone
1748,William Shatner
1135153,Étienne-Jules Marey
939460,Franck Ribière
8328,John Milius
78059,Yung Chang
72477,Sergio Citti
15307,Robert L. Levy
1007524,Marisa Sistach
1155323,Gin Yeung-Chi
969268,Johanna Lee
84696,Brian Terwilliger
145352,Yılmaz Güney
229351,Yury Bykov
1000620,John Edginton
38625,Zoltan Spirandelli
1441754,Gonzalo Bendala
65521,Tina Mabry
18025,Ben Miller
1513563,Arthur Allen
1051295,Álvaro Longoria
64992,Hou Hsiao-hsien
574655,Arthur Vincie
115466,Arthur Pierson
222811,Tomáš Vorel
116158,Spede Pasanen
223708,Camillo Mastrocinque
863070,Abbas Fahdel
51524,Norma Bailey
213608,David Schisgall
127885,Tarô Ohtani
87086,Yang Yun-ho
589764,Roger Melvin
1059129,Han Jae-rim
1403970,Yu Nakai
565681,Makoto Tezuka
92960,Jin Yimeng
252668,Kevin Conner
33541,Mark Christopher
63783,Christie Will
1004709,Will Zens
935123,Mohammad Rasoulof
233334,Alessandro Siani
933088,Wang Bing
990392,Francis Mankiewicz
144632,Zdravko Šotra
1040501,Sonia Anderson
1316253,Robert McCallum
117498,Oh Ki-hwan
24989,Kim Hyun-suk
581943,Ya-che Yang
98510,Junichi Mori
1311811,Eric Wirix
228590,Nayan Padrai
543674,Sergey Loznitsa
33377,Ray Taylor
1095173,Guy Lee Thys
65470,Jan Verheyen
69912,Dominique Deruddere
1359732,Hans Van Nuffel
88153,Frank van Mechelen
1193934,Danny Deprez
588912,Jakob Verbruggen
114387,Guido Pieters
128612,Hans Herbots
568633,Kaat Beels
222039,Indra Siera
26134,Roy Ward Baker
30833,William Beaudine
1250945,Özcan Deniz
928386,Lisa Immordino Vreeland
1489293,Hakan Yonat
1002030,Kwon Chil-in
101361,Shuhei Morita
1265892,Xiaoling Zhu
1426627,Jonathon Narducci
1797693,Sydney Gilliat
10249,Volker Schlöndorff
9915,Guy Hamilton
1200060,Miquel Pujol
226051,Debs Gardner-Paterson
147031,Yi-Jung Hua
94816,Mark Monroe
88939,Donald G. Jackson
78489,Laurent Tuel
78720,Chris Bell
1385903,Charlotte Fantelli
1376295,Robert Kiviat
99689,Deng Chao
1352934,Ko Kyeong-Ah
70055,Jack Gold
15630,James Goldstone
1168087,Jeremy Frindel
1121068,Dinos Dimopoulos
1085918,Soon-Mi Yoo
994161,Michael Audley
1336668,Hark Joon Lee
1136478,Michal Marczak
144972,Bogusław Linda
95107,Konrad Niewolski
543823,Maciej Żak
125403,Marcell Jankovics
1161618,Harry Cleven
1198793,George Randol
253152,Oscar Micheaux
1059910,Piotr Dumala
189083,James Lemmo
237770,Miguel Faria Jr.
1322394,Tan Pin Pin
936521,David Helpern
1018097,Phillip Andrew Morton
1202469,Scott P. Harris
136157,Björn Richie Lob
107276,Sergio Garrone
586103,Luiso Berdejo
1297133,Jay Thames
941733,Juan Bautista Stagnaro
20640,Chen Kaige
1562272,Sergei Ursuliak
59502,Shane Dax Taylor
1565722,Joseph Tosconi
1202302,Andrea Pallaoro
1122702,Marcus Robbin
106805,Sidney Miller
78192,Wayne Kopping
15519,David Kyle
998614,Viking Eggeling
108824,Euzhan Palcy
1137548,David Paul Meyer
1520071,Mike Radford
1154478,Jan Haft
1838863,Bret Fetzer
1051379,Jon Brewer
113570,Maggie Kiley
7190,Tom Mankiewicz
1641533,Heidi Köngäs
569313,Eeshwar Nivas
997819,Deepak Sareen
1110620,Deepak S. Shivdasani
237252,K Raghavendra Rao
1709736,Peter McWilliams
235846,Paulo Henrique Fontenelle
129059,Vincenzo Salemme
1125485,Alex Grazioli
931400,Tonino Zangardi
138699,Patxi Amézcua
1080055,José María de Orbe
229111,Tanuja Chandra
942889,Shashilal K. Nair
85387,Vikram Bhatt
943162,Rajkumar Kohli
928915,David Gelb
31155,Fred Olen Ray
42993,Martin Donovan
27846,John Herzfeld
39138,Jean Girault
549978,Jeff Warrick
20869,Kurt Hoffmann
965009,Cristobal Valderrama
1185925,Roberto Orazi
225320,Federico Bondi
1191621,Vasilis Kehagias
1081118,Paolo Agazzi
227367,Milap Zaveri
102063,Luigi Batzella
970793,Bradley Cox
1172025,James Wu Kuo-Ren
1178371,Daniel Ferguson
1511214,Michael Barnett
1574580,Mark Netter
1172571,Yusuf Khan
1060563,Guddu Dhanoa
1042220,Sándor Kardos
1126,Krzysztof Kieślowski
60696,Barry Bowles
1423975,Dominique Benicheti
105448,Tanveer Khan
1483988,Santram Varma
224495,Mani Shankar
1065008,E. Niwas
1037658,James H. White
8819,Billy Bitzer
1092235,Jerome Hill
939276,Ralph Steiner
532757,Mark Roper
125440,Ferenc Török
114636,Shyam Benegal
126763,Vivek Agnihotri
1041682,Patrick Bokanowski
591878,Fred Kelemen
126765,Anubhav Sinha
1185763,Patrick Deval
1271963,Don Askarian
1160008,Jackie Raynal
1210704,José Antonio Sistiaga
932893,Jiska Rickels 
998555,Victor Kossakovsky
1307001,Maryam Shahriar
587421,Francis Vose
113411,Simon Staho
1667712,Perry Ogden
1311778,Eric De Kuyper
555501,Yevgeny Yufit
564789,Christian Frosch
49861,Jean-Pascal Hattu
1287492,Aktan Arym Kubat
1104855,Yolande Zauberman
19161,Sandrine Bonnaire
1117039,Paul Kelly
1305508,David Hinton
45421,Todd Rohal
260006,Kjell Grede
223314,Jos de Putter
1023415,Sabiha Sumar
559103,Jan Cvitkovič
1161464,Ben van Lieshout
1279066,Ana Poliak
1747598,Birgit Grosskopf
235808,Tomasz Thomson
1105195,Victor A. Turin
232631,Digna Sinke
58547,Niall Johnson
1136980,Arthur H. Leonard
145117,Jean-Pierre Améris
145608,Júlio Bressane
1112337,Sami Saif
1322141,Rob Hodselmans
15076,Howard Smith
6817,Agnès Varda
1166120,Rogério Sganzerla
1143185,Sachin Bajaj
88800,Mohit Suri
88437,Deepak Tijori
230539,Gísli Snær Erlingsson
27875,Alex van Warmerdam
87830,Willem van de Sande Bakhuyzen
1130484,Carl-Gustav Nykvist
1074852,Linus Torell
1029158,Fow Pyng Hu
590591,Friedrich Fehér
1172769,Marc van Fucht
128291,Ivan Ivanov-Vano
1180566,István Gaál
1024179,Eugenie Jansen
1021436,Nicolás Pereda
115270,Jean-Marc Moutout
1039971,Ulrike Ottinger
35585,José Giovanni
1123296,Ilkka Vanne
1552642,Courtney Marsh
1531787,Jamie Donoughue
1164565,Jaideep Sen
1341562,Saurabh Kabra
93290,Satish Kaushik
110241,N. Chandra
1392222,Sunny Bergman
122597,Bert Haanstra
240716,Karsten Kjær
1136101,George Case
1127561,Nikoloz Sanishvili
119493,Shinji Aoyama
227954,Yoav Shamir
936871,Mady Saks
113606,Valérie Guignabodet
116923,Trivikram Srinivas
932629,Pasupuleti Krishna Vamsi
140254,Michael Mazo
147021,S.S. Rajamouli
1013132,Manish Gupta
1034315,David Lammers
1086408,Sean Garrity
995595,Nouchka van Brakel
14637,Detlef Bothe
66109,Ben Verbong
1348292,Pierre-Antoine Hiroz
439550,Laurent Herbiet
1081568,Buddhadeb Dasgupta
1424431,Mark Craig
1127753,Michiel van Erp
1182300,Jean-Louis Lorenzi
1106586,Stephen Dwoskin
928763,Theu Boermans
583068,Andrey Iskanov
1142405,Ntshaveni Wa Luruli
1429120,Anne Gyrithe Bonne
563079,Marc Levie
56458,Guy Debord
30207,Lewis R. Foster
84389,Daphne Pinkerson
14569,James Wong Howe
80878,Nikos Zapatinas
70155,Johannes Grieser
589748,Hyeon-il Kang
118123,Pollo de Pimentel
16780,Chris Kraus
24099,Karin Howard
115677,Coky Giedroyc
228279,Kimio Yabuki
545493,Pawan Kripalani
1378847,Kamal Sadanah
16672,Ate de Jong
37414,Oliver Storz
166787,Mark David
147792,Peter Svatek
98839,Aleksandr Rou
937544,Philip J. Cook
121558,Claus Bjerre
267379,Ian Gilmour
107235,Pierre B. Reinhard
223973,Rudi Van den Bossche
1012097,Jon Jost
1177843,Aage Rais-Nordentoft
1462090,Joe Lee
88782,Konstantin Lopushanskiy
78157,Lindsay Anderson
933247,Lionel Rogosin
1303053,Meredith Monk
1053934,Julia Murat
1266093,Boris Lehman
56207,Philippe Garrel
137565,Stanislav Barabáš
16979,Chus Gutiérrez
1321688,Sentarô Shirai
1138258,Alex Pitstra
1066916,Nicolas Rey
6403,Sara Driver
1082433,Bruce Baillie
1038003,Bill Morrison
1224626,Christoph Röhl
587535,Jiří Trnka
1266897,Daan Veldhuizen
45791,Roy Andersson
1050201,Peter Tscherkassky
109598,Šarūnas Bartas
1161644,Wei Te
224419,Stefan Jarl
1340784,Wenhua Li
15206,Jim McBride
556839,Zeki Ökten
1144950,Storm Saulter
1193012,Donato Ursitti
58021,Tinto Brass
233985,Ulrike Grote
1391445,Ewa Ewart
1028485,Ramón Obón
183,Kouji Morimoto
237051,Sukumar
119891,Puri Jagannath
1168867,Henwar Rodakiewicz
102561,Jorge Furtado
1081449,J.P. Sniadecki
46543,Roberto Bianchi Montero
130630,Henri Decoin
202714,Stephen Whittaker
62897,Carl Bessai
31384,Jordi Mollà
1578224,Renars Vimba
58160,Osamu Tezuka
1296223,Giorgio Amato
1188732,Fabien Constant
78021,Lloyd Kaufman
1592184,Ossi Skurnik
1198173,Kenneth Eng
91455,Yorgos Javellas
1180421,Mohamed Hamidi
1287135,Yannis Xanthopoulos
124919,Pantelis Voulgaris
33513,Clive Donner
1428720,Robert Rugan
39995,Michael Cera
1105491,Ben West
47792,Joseph McGrath
1556959,Sam Wrench
1135814,Caroline Martel
1723836,Philip Anagnos
578687,Skip Kite
89724,Nicola Roberts
221465,Udo Witte
225680,Roman Karimov
544554,Hajime Kadoi
1028438,Nicanor Loreti
550259,Nik Sheehan
1122812,David Mortin
929628,Eric Drath
1066930,Maite Alberdi
8027,Ricardo Curtis
39787,Stanislav Govorukhin
1174770,Alan Badoev
52304,Stephen Furst
238766,Didier Grousset
1255940,Ali Hatami
84470,Ilan Duran Cohen
1571805,Benjamin Cleary
1426158,Allison Schulnik
1576722,Adrian Dexter
1342526,Vishal Pandya
1380607,Roberto Catani
49949,Steve Binder
12011,William Castle
152510,Ian Barry
1517242,Leah Wolchok
78054,Louise Osmond
1075438,Shola Lynch
932489,Jian Cui 
1094057,Hans Richter
1220517,Tristram Shapeero
66124,Paul Wheeler
1181427,David Cage
933735,Roberto Santucci
1270322,Britt Napier
1421603,Ben Patterson
1212587,James Head
1593465,Võ Tấn Bình
40542,Hector Babenco
1367792,Laurent Bécue-Renard
107195,Laura Gabbert
92936,Jonathan Hock
1261548,Peter Lindholm
33036,Roland Suso Richter
929510,Gregory Kohn
223876,Johan Grimonprez
52140,Charles B. Griffith
224339,Kinoko Nasu
12952,Christopher Hampton
81013,Juan Taratuto
1681183,Álvaro Díaz Lorenzo
82505,Gordon Hessler
1409374,Ryan Ferguson
141964,Jacob Gentry
1021452,Kyung-Mook Kim
559647,Michael McNamara
1318673,Nicolas Steiner
1581773,Stefano Galli
1062945,Kary Antholis
121688,Ferdinand Fairfax
1151278,Brad Leong
104879,Ramón Menéndez
1255731,Junji Nishimura
104688,Tatsuo Satō
123193,Kouichi Mashimo
1839061,Masahiko Ookura
116371,Kazuhiro Furuhashi
1398247,Noboru Furuse
1664494,Akitarô Daichi
1096529,Hideaki Oba
1060142,Masahiko Maesawa
1122169,Jon Greenhalgh
1311610,Gabriele Pignotta
1435099,Ian McCluskey
141258,Oscar Williams
1147664,Amy Flannery
106093,Phil Grabsky
1192534,Zoltan Paul
1028273,David Kleijwegt
1331822,Mauricio Kagel
118441,Murray Lerner
1300926,Thomas Reichman
203953,Eric Simonson
1768475,Rani Singh
44644,Robert Dornhelm
1130244,Peter Bo Rappmund
1175499,Robert Smithson
1001089,Xie Jin
1351760,Cheng Yin
208119,Peter Templeman
554396,Kwang-chun Park
554449,Heinz Emigholz
1111223,Peter Whitehead
1172523,Esther Robinson
639925,Mark Neale
1352901,Pierre Deschamps
103393,Jacques Becker
566166,Natsuki Imai
932501,Eric Merola
1471895,Lee Kwon
1710286,Hwang Soo-ah
18669,J. Lee Thompson
21561,Tim Matheson
1083172,Matt Mitchell
1143732,Nicole N. Horanyi
9868,Peter R. Hunt
1079368,Rick Alverson
87776,Andrew C. Erin
1211732,Boris Malagurski
545624,Danilo Šerbedžija
66150,Yann Arthus-Bertrand
1843,Thomas Jahn
1477505,Jason Russell
256107,Steve Kroschel
933032,Urs Schnell
101751,Aaron Butler
240375,Valentin Thurn
1780819,Alex Kalimát
1361113,Shannon Harvey
1070230,Relic
1373774,Hong Seok-Jae
1382268,Alex Di Marco
1500666,Scott Gabriel
115178,Kristoffer Tabori
1451397,Tom Barrow
1082401,Andy Wells
112379,Christian Vuissa
172427,Gary Harvey
221723,Bradley Walsh
1212571,Jerry Ciccoritti
1744,Robert Wise
1366115,Dennis Wise
120226,Mohsen Makhmalbaf
137575,Stefan Pleszczynski
123177,Peter Wang
19370,Anne Le Ny
125570,Xue Xiaolu
1446447,Ryan Wise
1599088,Deborah S. Esquenazi
555777,Rupert Edwards
1125720,Sid Laverents
1145456,Ryan Trecartin
835262,Mads Matthiesen
21905,Danny Pang
225525,Soumik Sen
1064365,Edward A. Burger
235064,Baek Woon-Hak
1559685,Sun Hao
1364591,Viktor Johansson
571191,Oddvar Einarson
66995,Gunnar Vikene
1099354,Henrik Martin Dahlsbakken
1059490,Boudewijn Koole
1182398,Katrin Ottarsdóttir
1039218,Devin Dehaven
1565972,Lee Il-hyeong
75035,Olivier Megaton
33166,René Clair
439915,Michelle Danner
1046507,Demofilo Fidani
66843,Anders Matthesen
147474,Wilson Coneybeare
83922,Joseph Ariola
133793,George Mihalka
1631351,Robert Erickson
1457094,Yael Melamede
1265647,Orelsan
1537054,Bryce Olson
1488889,David Green
1040479,M. David Melvin
121517,Linda Wendel
34262,Bertrand Blier
1371122,Frank Gladstone
110783,Lauri Törhönen
126507,Nikolaj Steen
57778,Quincy Jones III
1294627,Yoo Ha
27436,Costa-Gavras
144209,Krsto Papić
545427,Nicolas Klotz
1243539,Michael Selditch
35968,Pierre-François Martin-Laval
147709,Habib Faisal
34799,Harry L. Fraser
550954,Jason Benjamin
69759,Apichatpong Weerasethakul
70281,Francisco Ramalho Jr.
245248,Jack Lee
230433,Vinay Shukla
230438,Subhash Kapoor
25645,Hirokazu Koreeda
40187,David Lowell Rich
37775,Raoul Lévy
1296088,Kim Suk-Yoon
1507747,Charles Maxwell
23946,Roger Young
153841,Kate Robbins
1327256,Shin Jae-Young
1193293,Tommy Haines
1319244,Ligy J. Pullappally
1138171,Harish Saluja
543989,Lee Savage
109453,Ward Kimball
14227,Jules Dassin
1004704,Michael Parkhurst
1385608,B. S. Johnson
1196552,Jonathan Williams
108304,Thomas Borch Nielsen
947010,Christine Swanson
238400,Ivan Calbérac
118415,Sean Baker
1265320,Mitch Dickman
35805,Aziz Mirza
95194,Bernard Beecham
1494138,Thomas Wirthensohn
8574,Walter Salles
81727,Darnell Martin
1531057,Selim Evci
35137,Josiane Balasko
1086388,Evgeny Ruman
1168730,Arthur Ginsberg
1652546,Kevin Van Stevenson
1211440,Peter Meyer
1406422,Stepan Altrichter
1471059,Nikos Tzimas
1108071,Sean Dunne
1171037,Kote Mardjanishvili
1085563,Jason Michael Brescia
1153055,Justin Webster
122423,Yorgos Lanthimos
23728,Ariel Zeitoun
9035,Kenneth Kokin
78297,Phil Vischer
80678,Tim Hodge
1352530,Brian Roberts
1566371,James Hale
51932,Neill Fearnley
1302562,Réka Bucsi
1162773,Pierre Morath
1276430,George Lazopoulos
5058,Roger Christian
92409,Richard Holm
67990,Jörgen Bergmark
254081,Quentin Masters
37613,Jaime Chávarri
1551545,Steven Caple Jr.
995570,Paul Emerson
1652364,Doesjka van Hoogdalem
106157,Robert Kramer
1127553,Richard W. Bean
229203,Eric Stanze
144496,Shane Ryan
937909,Vsevolod Plotkin
1652949,Ian Harris
205475,Marcus Cole
20405,Brian Posehn
109600,Mark Edwin Robinson
1037308,Rory Kennedy
1109285,Eliaichi Kimaro
1285812,Jesse Moss
92888,Jason Murphy
1505400,Sina Ataeian Dena
1328890,Steve Reeves
56204,Daniel LeConte
76812,Raymond Yip Wai-Man
83153,Hyeon-jin Park
1302905,Cho Jung-rae
550669,Andrew Rossi
11343,David Yates
1004602,Yevgeni Bauer
1668334,Allan Francovich
589634,Emil Weiss
1272236,Paloma Aguilera Valdebenito
230542,Ivan Sen
1095730,Nikos Panayotopoulos
1272013,Nikos Grammatikos
47640,Clark Johnson
1301935,Nour Eddine Lakhmari
1061603,Kevin Dunn
1803993,Virginia Onorato
119346,Davide Ferrario
132022,Ben Wolfinsohn
993792,Kristy Guevara-Flanagan
1046012,Géza Kaszás
73748,Marco Bechis
1094077,Svetlana Baskova
56131,Douglas Schwartz
16042,Claude Binyon
158325,John Weidner
1343926,Justin Price
98744,Mark Vadik
1105138,Najwa Najjar
973370,Jean Carlomusto
80727,Frank Tuttle
24939,George Seaton
5690,James Algar
1048479,Miguel Littín 
133426,Gary Lundgren
1158073,Aleksandr Sanin
1288459,Filippos Koutsaftis
87696,Mark Haber
288712,Kurt Hale
58316,John Fortenberry
57604,Joel Gallen
1599119,Justin Krook
1674692,Kara Mulrooney
229198,Russell Holt
1053020,Sterling Van Wagenen
56383,Kelly Reichardt
1638068,Samira Goetschel
224808,T. J. Scott
1668340,Nate Cash
72196,Amir Naderi
1459978,Nicole Nielsen Horanyi
1665174,Eric Notarnicola
985032,Peter Mettler
1348541,E. Hardon
276769,Don Levy
140086,Matt Cimber
56654,Laura Morante
1074624,Conor Horgan
1079506,Luis Ortega
232934,Jan Balej
170115,Michael Switzer
1675555,Mika Rättö
1155927,Kurt P. Vincent
1189782,Gunārs Piesis
1381495,Iris K. Shim
49923,Frank D. Gilroy
1069782,Ulrika Bengts
587968,Emilio Portes
1329201,Ira Miller
1591382,Goo Mo
1076801,Ozualdo Ribeiro Candeias
568019,Park Jin-Pyo
1158282,Sophie Chiarello
230049,Oliver Dommenget
79002,Nacho G. Velilla
1432279,Ali Akbarzadeh
224884,Imanol Uribe
1500684,Mika Taanila
1852327,Andrey Nekrasov
97083,William Klein
1609061,Ben Charles Edwards
84782,Francine McDougall
1215136,Jonathan M. Shiff
149885,Brendan Toller
1362798,Kevin Fair
1174165,Pema Tseden
563882,Craig Clyde
63713,Martha Coolidge
40599,Robert Day
1582199,Mignon Huisman
1576907,Sing-Choong Foo
1165031,Giorgos Zois
580824,Rainer Sarnet
72647,Juan Carlos Tabío
1572150,Nicole Lucas Haimes
1008306,Lewin Fitzhamon
568430,Arnold L. Miller
933181,Marek Losey
1680423,Paul Salahadin Refsdal
1688335,Arthur Cary
971901,Heo Yeong-man
502188,Andrew Jenks
15901,Jonathan Sanger
589816,William T. Naud
1329933,Jimmy Shaw
1171420,Antonin Peretjatko
1183228,Ray Laurent
1379093,Tony Klinger
1012194,Luis Oliveros
1052811,Arturo Ruiz Castillo
1543405,Ali Scher
1209863,Wendy J.N. Lee
211138,Will Koopman
554455,Mark Panik
1080813,Fritz Genschow
1092982,Jochen Alexander Freydank
949860,Orville O. Dull
99432,Jay Woelfel
105574,Adrián García Bogliano
87554,Im Kwon-taek
32277,Geoff Murphy
1077531,V. Harikrishna
583203,Tomoyuki Takimoto
150259,Osman Sınav
1480520,Kim Kwang-tae
17350,Kevin Macdonald
1064969,Jennifer Dworkin
931761,Sandhya Suri
80752,Shinji Higuchi
931252,Vladimir Toropchin
108107,Konstantin Bronzit
149619,Nick Marck
1527065,Dimitris Athanitis
127330,Wiktor Grodecki
931172,Chen Jianbin
496939,Jeong Gi-hoon
68773,Ilyssa Goodman
1121267,Karin Brandauer
53339,Maria von Heland
232623,Christian Theede
558860,David Zellner
1031794,Matthew Longfellow
1608971,Michal Siewierski
1399186,Rich Fox
1073786,Eagle Pennell
1447791,Hannaleena Hauru
15305,Rick King
1477,Charlotte Zwerin
1250855,Dollan Cannell
1183493,Glenio Bonder
1119016,Rashid Nugmanov
239256,Selçuk Aydemir
1112586,Ersoy Güler
130051,Craig Moss
1670158,Federica di Giacomo
96492,Keith Beauchamp
557007,Mark Becker
81717,Eddy Terstall
105477,Bernard Vorhaus
1156075,Ryan White
1293597,No Deok
120837,Ron Satlof
605813,Patrick G. Donahue
1145238,Martín Rosete
76962,Ramon Fernandez
59584,David Petrarca
1038011,Brian Malone
962421,Jorge Algora
12733,Ladislao Vajda
101810,Benjamin Dickinson
228754,Alessandro Piva
103509,Eloy de la Iglesia
1263596,Samantha Fuller
1285221,Eché Janga
22677,Max Färberböck
92782,Wyatt Cenac
79680,Luke Meyer
1571421,Bruno Vaussenat
1649505,Neal Wu
1114557,Joe DeMaio
1334677,Jean-Nicolas Orhon
68359,Christian I. Nyby II
1178964,Jann Turner
1178880,Chihiro Ikeda
219231,Michael Lucas
1012085,Juan de Orduña
1695153,Paloma Lommel
1548453,Idrees Khan
1697040,Karen Collins
1037369,James Williamson
1677698,Nely Reguera
32072,Jacques Dorfmann
355369,Bob Kline
185438,Genndy Tartakovsky
121148,Park Joong-hoon
70109,Benny Chan
71082,Andrea Arnold
7476,David Prior
544700,Ján Kadár
105084,Cirio H. Santiago
1669093,Cal Saville
87670,Keith Truesdell
935563,Tosca Musk
1572126,Garrett Zevgetis
52044,David Winning
87121,Vic Sarin
1187609,W.D. Hogan
1277028,Eric Green
55456,Earl Bellamy
1507226,Mir-Jean Bou Chaaya
1118682,Giannis Dalianidis
1385604,Vasilis Vafeas
97570,Robert Hartford-Davis
1044894,Park Heung-sik
229248,K. Asif
139847,Alison Ellwood
1668722,Maysaloun Hamoud
376896,Marcos Prado
1086533,Lubomir Levitski
89284,Walter Lantz
108022,David Caesar
1375046,Lorena Muñoz
1074969,Carlos Galettini
1079923,Raúl Rodríguez Peila
1746747,Alex Schaad
1690472,N.D. Wilson
229568,Lisa Azuelos
74091,Makoto Shinkai
1532040,Heinz Bütler
1650076,Robert Valley
1665086,Keri Collins
1073813,Eija-Liisa Ahtila
55020,Jorge Durán
1477316,Michael Ryan Hahn
122380,Ray Manzarek
1037335,Derek May
16187,Jeannot Szwarc
36423,Tom Green
104227,Maurice Lemaître
72389,Eiji Okuda
146698,Chung-Ryoul Lee
1266722,Tien-yu Fu
1093036,Roland Vranik
1478011,Jake Witzenfeld
108952,Mike Disa
1088231,Alan Holly
116789,Parvez Sharma
1192859,Jamey Durham
53925,Jared Hess
58868,Troy Miller
72834,Sophie Reine
56150,Ellory Elkayem
935850,Christopher Reynolds
24970,John Asher
1166744,Frank Ishizaki
99242,Lorene Machado
142013,Gareth Evans
1117498,PES
1278184,Boo Ji-yeong
1187221,Paz Fábrega
592534,Chalerm Wongpim
7324,Pan Nalin
1318872,Lee Yong-Seung
237653,Jean-Daniel Pollet
1258025,Robert H. Gardner
77763,Mick Foley
80103,Christopher Titus
221857,Miles Jupp
91623,Sean Grundy
1234886,Micky Flanagan
233417,Peter Nicholson
1188970,Henry Cora
123738,Joji Matsuoka
21440,Dick Maas
1608928,Kahane Cooperman
929403,Piti Jaturaphat
1209814,Pedro Amorim
60893,Pierre Perrault
87673,Beth McCarthy-Miller
238190,Vladimir Potapov
2053,Bill Paxton
223531,Alix Delaporte
1759342,Sean Whitley
40254,Peter Barsocchini
145678,Patrick Ridremont
1059261,Norman Lee
25558,Don Chaffey
165459,Steve Previn
130023,Stuart Burge
228261,Jürgen Staal
587783,Glen Salzman
223054,Aldo Monti
582527,Eric England
587097,Rogelio A. González
112993,Hugh Harman
109630,José Estrada
84113,Charles Robert Carner
125071,Miguel M. Delgado
1319010,Alejandro Sugich
568262,Florian Habicht
1410419,Ferne Pearlstein
2333,Harun Farocki
125603,Hannu Kahakorpi
225518,Peter Brown
1649790,J.C. Falcón
1001719,Phillip J. Bartell
94229,Glenn Gaylord
1224778,Monika Mitchell
139673,Olaf de Fleur Johannesson
103452,Henrique Goldman
1472775,José Skaf
63589,Debbie Isitt
1475136,William Sullivan
133873,Aisling Walsh
569238,Susan Jacobson
143679,Vera Storozheva
582269,Marina Lyubakova
143660,Aleksei Sidorov
15915,Sergio Rubini
1211848,Andrew Grieve
125993,Percy Stow
1551882,W.T. Morgan
1039503,Thomas Mignone
1622990,Luca Tóth
1486452,Simon Rouby
1039349,Hitoshi Ohne
107274,Richard Rich
134128,Grethe Bøe
1148569,Thomas Honickel
1262327,Gary Khammar
1311534,Mike Ramsdell
1795522,Elina Hirvonen
1743804,Antongiulio Panizzi
1098558,Robert Nelson
58926,Katt Williams
1317365,Elisabeth Kapnist
99904,Robert Oppel
550227,Orhan Aksoy
142839,Sermiyan Midyat
1028513,Suphi Tekniker
145475,Hakan Algul
121422,Kartal Tibet
145724,Natuk Baytan
144150,Ketche
86932,Gary Wheeler
1100701,Chang Jung-Chi
222701,Ward Serrill
1170484,Alfred Clark
1310568,John S. Rad
139467,Gleb Orlov
983770,Daniel Holechek
95687,Robert Kenner
1807564,Rocio Cano
105885,Christian Charles
157301,Will Mackenzie
4338,Peter Pilafian
1094688,Devo
230298,Adrian Maben
99251,Pericles Lewnes
112230,Joe Reese
81149,Paul Mooney
582221,Vyacheslav Ross
1285475,Eric Cochran
558241,Alex de Renzy
588652,Joan Brooker-Marks
73150,Paul Wendkos
2093,Steven-Charles Jaffe
19713,C. Courtney Joyner
1522728,Slavko Spionjak
83784,Jan Švankmajer
240740,Daniel Junge
138370,Léa Fazer
592909,Fabien Raymond
1184439,Garrett Sander
176148,Steve Ball
1608954,Pan An-Zi
479587,Dylan Bank
237275,Aleksei Korenev
18356,Stephen Herek
71498,Stephen Deutsch
126486,Riccardo Milani
77964,Mike Barker
88564,Andreas Johnsen
74118,Philippe Le Guay
59943,Eric Luke
1630053,Darin Beckstead
58973,Gary Brockette
72622,Matt Cooper
1293834,Greg Garthe
545720,Christopher Kublan
222497,Rob Diamond
1335945,Jordan Schlansky
81964,Stijn Coninx
85717,David Gleeson
184927,Mark Jay
1149788,Gordie Haakstad
1205254,Ernesto Contreras
1053307,Tatsuya Mori
930629,Jamie Travis
1192692,Yvonne Smith
588944,Esben Tønnesen
295591,Gareth Rhys Jones
225586,Michael Scott
1302831,Djinn
226075,Jacques-Rémy Girerd
2710,James Cameron
1276940,Bruce Branit
68913,Terence H. Winkless
1557626,Marcin Bortkiewicz
1758251,Natalia Brozynska
1204924,Эдуард Успенский
591257,Witold Adamek
1258131,Zoe Heron
109340,Stéphane Kazandjian
54804,J. Christian Ingvordsen
143663,Vladimir Khotinenko
55516,Filipp Yankovsky
225766,Angelo Longoni
129723,Ken Olin
236013,Akan Satayev
1042212,Thomas C. Grane
1434341,Jim Issa
581079,Andrey Malyukov
34189,Klaus Maeck
33542,Harald Reinl
1068135,Kiyo Sumi Fukazawa
45091,Coleman Francis
229704,Kenneth J. Berton
36384,Franz Peter Wirth
150482,Philippe Leclerc
120969,Thom Andersen
24471,Charles Nemes
226019,Rachid Dhibou
376187,Liz Plonka
78997,Leon Ichaso
123970,Gábor Herendi
125247,Péter Tímár
1725968,Song Min-gyu
544960,Michel Khleifi
174529,John McDermott
1644046,Lutz Gregor
68929,Laurie Anderson
71596,André Erkau
101411,Edward Holzman
78060,Yung Chang
1030499,Igor Voloshin
131184,Phillip J. Roth
174009,Patrick Levis
1414051,Jeff Centauri
557254,Anatoly Eyramdzhan
234684,Fred Garson
32689,Roman Zaluski
1494445,Simon Cartwright
73292,Emer Reynolds
1362660,Aida Zyablikova
1495242,Bill Teck
105697,Li Yu
935359,Eugène Green
985012,Vitold Bordzilovsky
1084249,Roman Kachanov
143019,Peter Luisi
1545036,Andrzej Titkow
74565,Jack Kinney
1294930,Kim Tae-yoon
1555323,Aleks Gezentsvey
1113237,Irena Pavlásková
132742,Robert McKimson
1173774,Albert E. Smith
1118701,Mannie Davis
89755,Seymour Kneitel
29535,William Nicholas Selig
65565,Paul Terry
1078679,Chris Rodley
1126168,Michael Oswald
152190,Carol Wiseman
43954,David Grossman
1127304,Laurence Trimble
1230368,Laurie Lynd
1285985,Chris Sun
235230,Scott Noble
1330552,Ge Shuiying
1572136,William A. Kirkley
1791505,David Cave
1388732,Johan Bromander
6155,Kristoffer Nyholm
947200,David Firth
1084893,Brad Douglas
1208584,Tommy Faircloth
1019226,Merata Mita
263260,Tom Waller
1198799,Alexij Kharitidi
144546,Miguel Ángel Lamata
1377443,Louis Myles
1209785,Dan Hartley
33315,Richard Loncraine
260981,Paul Leder
75990,Marc Gracie
1074159,Kevin Jerome Everson
1044792,Víctor García León
1299637,Andrew Hutton
3146,Billy Wilder
1572121,Matthew Ornstein
1193473,Steven Rosenbaum
590896,Nikos Koundouros
121784,T.J. Särkkä
52121,Héctor Olivera
999845,Florián Rey
218750,Gregory Levinson
232313,Armand Lohikoski
1117428,Sean Faughnan
137932,Ben Bolt
551926,Jeff McQueen
50584,Joe Piscatella
1169157,Timothy Woodward Jr.
1825473,300ml
1026316,Claudio Biern Boyd
549798,Hiroshi Sugawara
1350832,Udi Aloni
1139619,Eduardo Williams
937230,Sergei Loban
1326817,Petra Lüschow
83524,Shinobu Yaguchi
239071,Gregory Colbert
1405574,David Vyle Levy
1408735,Craig Thompson
1157087,Luke Matheny
1168862,Yves Montmayeur
131564,Yasuhiro Yoshiura
142915,Louis Lefebvre
587903,Olivier Horlait
77005,Diane Kurys
885470,Paul Mariano
1207733,Anne Flournoy
1133672,Annie Tresgot
1490199,James Blagden
52169,Pieter Kuijpers
54917,J. Stewart Burns
1585276,Kevin Burke
1009255,Jason Trost
1037989,Madeleine Olnek
1410995,Sidharth Srinivasan
221442,Peter Payer
8046,Dave Mullins
197669,George Scott
20034,Pierre-William Glenn
586602,Stephan Carpiaux
583394,Dorota Kędzierzawska
1044803,Wojciech Marczewski
1686911,Grzegorz Jarzyna
1538884,Magdalena Łazarkiewicz
589119,Iván Ávila Dueñas
591420,Andrzej Jakimowski
1525408,Sara Fishko
151073,Cindy Baer
114629,Philippe Mora
201393,Cliff Owen
223791,Pietro Francisci
980189,Gary Tarn
142229,Viktor Andrienko
2798,Walter Ruttmann
1268213,Georges Monca
240348,Vladimir Shchegolkov
1344495,Daisy Asquith
